-- --------------------------------------------------------
-- Host:                         127.0.0.1
-- Server version:               10.4.22-MariaDB - mariadb.org binary distribution
-- Server OS:                    Win64
-- HeidiSQL Version:             12.0.0.6468
-- --------------------------------------------------------

/*!40101 SET @OLD_CHARACTER_SET_CLIENT=@@CHARACTER_SET_CLIENT */;
/*!40101 SET NAMES utf8 */;
/*!50503 SET NAMES utf8mb4 */;
/*!40103 SET @OLD_TIME_ZONE=@@TIME_ZONE */;
/*!40103 SET TIME_ZONE='+00:00' */;
/*!40014 SET @OLD_FOREIGN_KEY_CHECKS=@@FOREIGN_KEY_CHECKS, FOREIGN_KEY_CHECKS=0 */;
/*!40101 SET @OLD_SQL_MODE=@@SQL_MODE, SQL_MODE='NO_AUTO_VALUE_ON_ZERO' */;
/*!40111 SET @OLD_SQL_NOTES=@@SQL_NOTES, SQL_NOTES=0 */;

-- Dumping structure for table denr_pportal.cities
CREATE TABLE IF NOT EXISTS `cities` (
  `id` bigint(20) unsigned NOT NULL AUTO_INCREMENT,
  `province_id` int(10) unsigned NOT NULL,
  `city` varchar(255) COLLATE utf8mb4_unicode_ci NOT NULL,
  `created_at` timestamp NULL DEFAULT NULL,
  `updated_at` timestamp NULL DEFAULT NULL,
  PRIMARY KEY (`id`)
) ENGINE=InnoDB AUTO_INCREMENT=1656 DEFAULT CHARSET=utf8mb4 COLLATE=utf8mb4_unicode_ci;

-- Dumping data for table denr_pportal.cities: ~1,655 rows (approximately)
REPLACE INTO `cities` (`id`, `province_id`, `city`, `created_at`, `updated_at`) VALUES
	(1, 1, 'LAOAG CITY', '2021-06-18 11:20:15', '2021-06-18 11:20:15'),
	(2, 1, 'VINTAR', '2021-06-18 11:20:15', '2021-06-18 11:20:15'),
	(3, 1, 'SOLSONA', '2021-06-18 11:20:15', '2021-06-18 11:20:15'),
	(4, 1, 'SARRAT', '2021-06-18 11:20:15', '2021-06-18 11:20:15'),
	(5, 1, 'SAN NICOLAS', '2021-06-18 11:20:15', '2021-06-18 11:20:15'),
	(6, 1, 'PINILI', '2021-06-18 11:20:15', '2021-06-18 11:20:15'),
	(7, 1, 'PIDDIG', '2021-06-18 11:20:15', '2021-06-18 11:20:15'),
	(8, 1, 'PASUQUIN', '2021-06-18 11:20:15', '2021-06-18 11:20:15'),
	(9, 1, 'PAOAY', '2021-06-18 11:20:15', '2021-06-18 11:20:15'),
	(10, 1, 'PAGUDPUD', '2021-06-18 11:20:15', '2021-06-18 11:20:15'),
	(11, 1, 'NUEVA ERA', '2021-06-18 11:20:15', '2021-06-18 11:20:15'),
	(12, 1, 'MARCOS', '2021-06-18 11:20:15', '2021-06-18 11:20:15'),
	(13, 1, 'ADAMS', '2021-06-18 11:20:15', '2021-06-18 11:20:15'),
	(14, 1, 'BANNA (ESPIRITU)', '2021-06-18 11:20:15', '2021-06-18 11:20:15'),
	(15, 1, 'DUMALNEG', '2021-06-18 11:20:15', '2021-06-18 11:20:15'),
	(16, 1, 'DINGRAS', '2021-06-18 11:20:15', '2021-06-18 11:20:15'),
	(17, 1, 'CURRIMAO', '2021-06-18 11:20:15', '2021-06-18 11:20:15'),
	(18, 1, 'CARASI', '2021-06-18 11:20:15', '2021-06-18 11:20:15'),
	(19, 1, 'BURGOS', '2021-06-18 11:20:15', '2021-06-18 11:20:15'),
	(20, 1, 'CITY OF BATAC', '2021-06-18 11:20:15', '2021-06-18 11:20:15'),
	(21, 1, 'BANGUI', '2021-06-18 11:20:15', '2021-06-18 11:20:15'),
	(22, 1, 'BADOC', '2021-06-18 11:20:16', '2021-06-18 11:20:16'),
	(23, 1, 'BACARRA', '2021-06-18 11:20:16', '2021-06-18 11:20:16'),
	(24, 2, 'SANTIAGO', '2021-06-18 11:22:27', '2021-06-18 11:22:27'),
	(25, 2, 'SAN ILDEFONSO', '2021-06-18 11:22:27', '2021-06-18 11:22:27'),
	(26, 2, 'SAN JUAN (LAPOG)', '2021-06-18 11:22:27', '2021-06-18 11:22:27'),
	(27, 2, 'SAN VICENTE', '2021-06-18 11:22:27', '2021-06-18 11:22:27'),
	(28, 2, 'SANTA', '2021-06-18 11:22:27', '2021-06-18 11:22:27'),
	(29, 2, 'SANTA CATALINA', '2021-06-18 11:22:27', '2021-06-18 11:22:27'),
	(30, 2, 'SANTA CRUZ', '2021-06-18 11:22:27', '2021-06-18 11:22:27'),
	(31, 2, 'SANTA LUCIA', '2021-06-18 11:22:27', '2021-06-18 11:22:27'),
	(32, 2, 'SANTA MARIA', '2021-06-18 11:22:27', '2021-06-18 11:22:27'),
	(33, 2, 'SAN ESTEBAN', '2021-06-18 11:22:27', '2021-06-18 11:22:27'),
	(34, 2, 'SANTO DOMINGO', '2021-06-18 11:22:27', '2021-06-18 11:22:27'),
	(35, 2, 'SIGAY', '2021-06-18 11:22:27', '2021-06-18 11:22:27'),
	(36, 2, 'SINAIT', '2021-06-18 11:22:27', '2021-06-18 11:22:27'),
	(37, 2, 'SUGPON', '2021-06-18 11:22:27', '2021-06-18 11:22:27'),
	(38, 2, 'SUYO', '2021-06-18 11:22:28', '2021-06-18 11:22:28'),
	(39, 2, 'TAGUDIN', '2021-06-18 11:22:28', '2021-06-18 11:22:28'),
	(40, 2, 'CITY OF VIGAN', '2021-06-18 11:22:28', '2021-06-18 11:22:28'),
	(41, 2, 'GREGORIO DEL PILAR (CONCEPCION)', '2021-06-18 11:22:28', '2021-06-18 11:22:28'),
	(42, 2, 'BANAYOYO', '2021-06-18 11:22:28', '2021-06-18 11:22:28'),
	(43, 2, 'BANTAY', '2021-06-18 11:22:28', '2021-06-18 11:22:28'),
	(44, 2, 'BURGOS', '2021-06-18 11:22:28', '2021-06-18 11:22:28'),
	(45, 2, 'CABUGAO', '2021-06-18 11:22:28', '2021-06-18 11:22:28'),
	(46, 2, 'CITY OF CANDON', '2021-06-18 11:22:28', '2021-06-18 11:22:28'),
	(47, 2, 'CAOAYAN', '2021-06-18 11:22:28', '2021-06-18 11:22:28'),
	(48, 2, 'CERVANTES', '2021-06-18 11:22:28', '2021-06-18 11:22:28'),
	(49, 2, 'GALIMUYOD', '2021-06-18 11:22:28', '2021-06-18 11:22:28'),
	(50, 2, 'ALILEM', '2021-06-18 11:22:28', '2021-06-18 11:22:28'),
	(51, 2, 'LIDLIDDA', '2021-06-18 11:22:28', '2021-06-18 11:22:28'),
	(52, 2, 'MAGSINGAL', '2021-06-18 11:22:28', '2021-06-18 11:22:28'),
	(53, 2, 'NAGBUKEL', '2021-06-18 11:22:28', '2021-06-18 11:22:28'),
	(54, 2, 'NARVACAN', '2021-06-18 11:22:28', '2021-06-18 11:22:28'),
	(55, 2, 'QUIRINO (ANGKAKI)', '2021-06-18 11:22:28', '2021-06-18 11:22:28'),
	(56, 2, 'SALCEDO (BAUGEN)', '2021-06-18 11:22:28', '2021-06-18 11:22:28'),
	(57, 2, 'SAN EMILIO', '2021-06-18 11:22:28', '2021-06-18 11:22:28'),
	(58, 3, 'NAGUILIAN', '2021-06-18 11:26:06', '2021-06-18 11:26:06'),
	(59, 3, 'TUBAO', '2021-06-18 11:26:07', '2021-06-18 11:26:07'),
	(60, 3, 'SUDIPEN', '2021-06-18 11:26:07', '2021-06-18 11:26:07'),
	(61, 3, 'SANTOL', '2021-06-18 11:26:07', '2021-06-18 11:26:07'),
	(62, 3, 'SANTO TOMAS', '2021-06-18 11:26:07', '2021-06-18 11:26:07'),
	(63, 3, 'SAN JUAN', '2021-06-18 11:26:07', '2021-06-18 11:26:07'),
	(64, 3, 'SAN GABRIEL', '2021-06-18 11:26:07', '2021-06-18 11:26:07'),
	(65, 3, 'CITY OF SAN FERNANDO', '2021-06-18 11:26:07', '2021-06-18 11:26:07'),
	(66, 3, 'ROSARIO', '2021-06-18 11:26:07', '2021-06-18 11:26:07'),
	(67, 3, 'PUGO', '2021-06-18 11:26:07', '2021-06-18 11:26:07'),
	(68, 3, 'AGOO', '2021-06-18 11:26:07', '2021-06-18 11:26:07'),
	(69, 3, 'LUNA', '2021-06-18 11:26:07', '2021-06-18 11:26:07'),
	(70, 3, 'CABA', '2021-06-18 11:26:07', '2021-06-18 11:26:07'),
	(71, 3, 'BURGOS', '2021-06-18 11:26:07', '2021-06-18 11:26:07'),
	(72, 3, 'BAUANG', '2021-06-18 11:26:07', '2021-06-18 11:26:07'),
	(73, 3, 'BANGAR', '2021-06-18 11:26:07', '2021-06-18 11:26:07'),
	(74, 3, 'BALAOAN', '2021-06-18 11:26:07', '2021-06-18 11:26:07'),
	(75, 3, 'BAGULIN', '2021-06-18 11:26:07', '2021-06-18 11:26:07'),
	(76, 3, 'BACNOTAN', '2021-06-18 11:26:07', '2021-06-18 11:26:07'),
	(77, 3, 'ARINGAY', '2021-06-18 11:26:07', '2021-06-18 11:26:07'),
	(78, 4, 'SAN QUINTIN', '2021-06-18 11:28:42', '2021-06-18 11:28:42'),
	(79, 4, 'MANGALDAN', '2021-06-18 11:28:42', '2021-06-18 11:28:42'),
	(80, 4, 'MANGATAREM', '2021-06-18 11:28:42', '2021-06-18 11:28:42'),
	(81, 4, 'MAPANDAN', '2021-06-18 11:28:42', '2021-06-18 11:28:42'),
	(82, 4, 'NATIVIDAD', '2021-06-18 11:28:42', '2021-06-18 11:28:42'),
	(83, 4, 'POZORRUBIO', '2021-06-18 11:28:42', '2021-06-18 11:28:42'),
	(84, 4, 'ROSALES', '2021-06-18 11:28:42', '2021-06-18 11:28:42'),
	(85, 4, 'SAN CARLOS CITY', '2021-06-18 11:28:42', '2021-06-18 11:28:42'),
	(86, 4, 'SAN FABIAN', '2021-06-18 11:28:42', '2021-06-18 11:28:42'),
	(87, 4, 'SAN JACINTO', '2021-06-18 11:28:42', '2021-06-18 11:28:42'),
	(88, 4, 'SAN MANUEL', '2021-06-18 11:28:42', '2021-06-18 11:28:42'),
	(89, 4, 'SAN NICOLAS', '2021-06-18 11:28:42', '2021-06-18 11:28:42'),
	(90, 4, 'MANAOAG', '2021-06-18 11:28:42', '2021-06-18 11:28:42'),
	(91, 4, 'SANTA BARBARA', '2021-06-18 11:28:42', '2021-06-18 11:28:42'),
	(92, 4, 'SANTA MARIA', '2021-06-18 11:28:42', '2021-06-18 11:28:42'),
	(93, 4, 'SANTO TOMAS', '2021-06-18 11:28:42', '2021-06-18 11:28:42'),
	(94, 4, 'SISON', '2021-06-18 11:28:42', '2021-06-18 11:28:42'),
	(95, 4, 'SUAL', '2021-06-18 11:28:42', '2021-06-18 11:28:42'),
	(96, 4, 'TAYUG', '2021-06-18 11:28:42', '2021-06-18 11:28:42'),
	(97, 4, 'UMINGAN', '2021-06-18 11:28:42', '2021-06-18 11:28:42'),
	(98, 4, 'URBIZTONDO', '2021-06-18 11:28:42', '2021-06-18 11:28:42'),
	(99, 4, 'CITY OF URDANETA', '2021-06-18 11:28:42', '2021-06-18 11:28:42'),
	(100, 4, 'VILLASIS', '2021-06-18 11:28:42', '2021-06-18 11:28:42'),
	(101, 4, 'LAOAC', '2021-06-18 11:28:42', '2021-06-18 11:28:42'),
	(102, 4, 'BINMALEY', '2021-06-18 11:28:42', '2021-06-18 11:28:42'),
	(103, 4, 'AGUILAR', '2021-06-18 11:28:42', '2021-06-18 11:28:42'),
	(104, 4, 'CITY OF ALAMINOS', '2021-06-18 11:28:42', '2021-06-18 11:28:42'),
	(105, 4, 'ALCALA', '2021-06-18 11:28:42', '2021-06-18 11:28:42'),
	(106, 4, 'ANDA', '2021-06-18 11:28:42', '2021-06-18 11:28:42'),
	(107, 4, 'ASINGAN', '2021-06-18 11:28:42', '2021-06-18 11:28:42'),
	(108, 4, 'BALUNGAO', '2021-06-18 11:28:42', '2021-06-18 11:28:42'),
	(109, 4, 'BANI', '2021-06-18 11:28:42', '2021-06-18 11:28:42'),
	(110, 4, 'BASISTA', '2021-06-18 11:28:42', '2021-06-18 11:28:42'),
	(111, 4, 'BAUTISTA', '2021-06-18 11:28:42', '2021-06-18 11:28:42'),
	(112, 4, 'BAYAMBANG', '2021-06-18 11:28:42', '2021-06-18 11:28:42'),
	(113, 4, 'BINALONAN', '2021-06-18 11:28:42', '2021-06-18 11:28:42'),
	(114, 4, 'AGNO', '2021-06-18 11:28:42', '2021-06-18 11:28:42'),
	(115, 4, 'BOLINAO', '2021-06-18 11:28:42', '2021-06-18 11:28:42'),
	(116, 4, 'BUGALLON', '2021-06-18 11:28:42', '2021-06-18 11:28:42'),
	(117, 4, 'BURGOS', '2021-06-18 11:28:42', '2021-06-18 11:28:42'),
	(118, 4, 'CALASIAO', '2021-06-18 11:28:42', '2021-06-18 11:28:42'),
	(119, 4, 'DAGUPAN CITY', '2021-06-18 11:28:42', '2021-06-18 11:28:42'),
	(120, 4, 'DASOL', '2021-06-18 11:28:42', '2021-06-18 11:28:42'),
	(121, 4, 'INFANTA', '2021-06-18 11:28:43', '2021-06-18 11:28:43'),
	(122, 4, 'LABRADOR', '2021-06-18 11:28:43', '2021-06-18 11:28:43'),
	(123, 4, 'LINGAYEN', '2021-06-18 11:28:43', '2021-06-18 11:28:43'),
	(124, 4, 'MABINI', '2021-06-18 11:28:43', '2021-06-18 11:28:43'),
	(125, 4, 'MALASIQUI', '2021-06-18 11:28:43', '2021-06-18 11:28:43'),
	(126, 5, 'BASCO', '2021-06-18 11:31:31', '2021-06-18 11:31:31'),
	(127, 5, 'ITBAYAT', '2021-06-18 11:31:31', '2021-06-18 11:31:31'),
	(128, 5, 'IVANA', '2021-06-18 11:31:31', '2021-06-18 11:31:31'),
	(129, 5, 'MAHATAO', '2021-06-18 11:31:31', '2021-06-18 11:31:31'),
	(130, 5, 'SABTANG', '2021-06-18 11:31:31', '2021-06-18 11:31:31'),
	(131, 5, 'UYUGAN', '2021-06-18 11:31:31', '2021-06-18 11:31:31'),
	(132, 6, 'IGUIG', '2021-06-18 11:33:42', '2021-06-18 11:33:42'),
	(133, 6, 'TUGUEGARAO CITY', '2021-06-18 11:33:42', '2021-06-18 11:33:42'),
	(134, 6, 'TUAO', '2021-06-18 11:33:42', '2021-06-18 11:33:42'),
	(135, 6, 'SOLANA', '2021-06-18 11:33:42', '2021-06-18 11:33:42'),
	(136, 6, 'SANTO NIÑO (FAIRE)', '2021-06-18 11:33:42', '2021-06-18 11:33:42'),
	(137, 6, 'SANTA TERESITA', '2021-06-18 11:33:42', '2021-06-18 11:33:42'),
	(138, 6, 'SANTA PRAXEDES', '2021-06-18 11:33:42', '2021-06-18 11:33:42'),
	(139, 6, 'SANTA ANA', '2021-06-18 11:33:42', '2021-06-18 11:33:42'),
	(140, 6, 'SANCHEZ-MIRA', '2021-06-18 11:33:42', '2021-06-18 11:33:42'),
	(141, 6, 'RIZAL', '2021-06-18 11:33:42', '2021-06-18 11:33:42'),
	(142, 6, 'PIAT', '2021-06-18 11:33:42', '2021-06-18 11:33:42'),
	(143, 6, 'PEÑABLANCA', '2021-06-18 11:33:42', '2021-06-18 11:33:42'),
	(144, 6, 'PAMPLONA', '2021-06-18 11:33:42', '2021-06-18 11:33:42'),
	(145, 6, 'LASAM', '2021-06-18 11:33:42', '2021-06-18 11:33:42'),
	(146, 6, 'LAL-LO', '2021-06-18 11:33:42', '2021-06-18 11:33:42'),
	(147, 6, 'ABULUG', '2021-06-18 11:33:42', '2021-06-18 11:33:42'),
	(148, 6, 'GONZAGA', '2021-06-18 11:33:42', '2021-06-18 11:33:42'),
	(149, 6, 'GATTARAN', '2021-06-18 11:33:42', '2021-06-18 11:33:42'),
	(150, 6, 'ENRILE', '2021-06-18 11:33:42', '2021-06-18 11:33:42'),
	(151, 6, 'CLAVERIA', '2021-06-18 11:33:42', '2021-06-18 11:33:42'),
	(152, 6, 'CAMALANIUGAN', '2021-06-18 11:33:42', '2021-06-18 11:33:42'),
	(153, 6, 'CALAYAN', '2021-06-18 11:33:42', '2021-06-18 11:33:42'),
	(154, 6, 'BUGUEY', '2021-06-18 11:33:43', '2021-06-18 11:33:43'),
	(155, 6, 'BALLESTEROS', '2021-06-18 11:33:43', '2021-06-18 11:33:43'),
	(156, 6, 'BAGGAO', '2021-06-18 11:33:43', '2021-06-18 11:33:43'),
	(157, 6, 'APARRI', '2021-06-18 11:33:43', '2021-06-18 11:33:43'),
	(158, 6, 'AMULUNG', '2021-06-18 11:33:43', '2021-06-18 11:33:43'),
	(159, 6, 'ALLACAPAN', '2021-06-18 11:33:43', '2021-06-18 11:33:43'),
	(160, 6, 'ALCALA', '2021-06-18 11:33:43', '2021-06-18 11:33:43'),
	(161, 7, 'SAN ISIDRO', '2021-06-18 11:36:03', '2021-06-18 11:36:03'),
	(162, 7, 'NAGUILIAN', '2021-06-18 11:36:03', '2021-06-18 11:36:03'),
	(163, 7, 'PALANAN', '2021-06-18 11:36:03', '2021-06-18 11:36:03'),
	(164, 7, 'QUEZON', '2021-06-18 11:36:03', '2021-06-18 11:36:03'),
	(165, 7, 'QUIRINO', '2021-06-18 11:36:03', '2021-06-18 11:36:03'),
	(166, 7, 'RAMON', '2021-06-18 11:36:03', '2021-06-18 11:36:03'),
	(167, 7, 'REINA MERCEDES', '2021-06-18 11:36:03', '2021-06-18 11:36:03'),
	(168, 7, 'ROXAS', '2021-06-18 11:36:03', '2021-06-18 11:36:03'),
	(169, 7, 'SAN AGUSTIN', '2021-06-18 11:36:03', '2021-06-18 11:36:03'),
	(170, 7, 'SAN GUILLERMO', '2021-06-18 11:36:03', '2021-06-18 11:36:03'),
	(171, 7, 'MALLIG', '2021-06-18 11:36:03', '2021-06-18 11:36:03'),
	(172, 7, 'SAN MANUEL', '2021-06-18 11:36:03', '2021-06-18 11:36:03'),
	(173, 7, 'SAN MARIANO', '2021-06-18 11:36:03', '2021-06-18 11:36:03'),
	(174, 7, 'SAN MATEO', '2021-06-18 11:36:03', '2021-06-18 11:36:03'),
	(175, 7, 'SAN PABLO', '2021-06-18 11:36:03', '2021-06-18 11:36:03'),
	(176, 7, 'SANTA MARIA', '2021-06-18 11:36:03', '2021-06-18 11:36:03'),
	(177, 7, 'CITY OF SANTIAGO', '2021-06-18 11:36:03', '2021-06-18 11:36:03'),
	(178, 7, 'SANTO TOMAS', '2021-06-18 11:36:03', '2021-06-18 11:36:03'),
	(179, 7, 'TUMAUINI', '2021-06-18 11:36:03', '2021-06-18 11:36:03'),
	(180, 7, 'DINAPIGUE', '2021-06-18 11:36:04', '2021-06-18 11:36:04'),
	(181, 7, 'ANGADANAN', '2021-06-18 11:36:04', '2021-06-18 11:36:04'),
	(182, 7, 'AURORA', '2021-06-18 11:36:04', '2021-06-18 11:36:04'),
	(183, 7, 'BENITO SOLIVEN', '2021-06-18 11:36:04', '2021-06-18 11:36:04'),
	(184, 7, 'BURGOS', '2021-06-18 11:36:04', '2021-06-18 11:36:04'),
	(185, 7, 'CABAGAN', '2021-06-18 11:36:04', '2021-06-18 11:36:04'),
	(186, 7, 'CABATUAN', '2021-06-18 11:36:04', '2021-06-18 11:36:04'),
	(187, 7, 'CITY OF CAUAYAN', '2021-06-18 11:36:04', '2021-06-18 11:36:04'),
	(188, 7, 'CORDON', '2021-06-18 11:36:04', '2021-06-18 11:36:04'),
	(189, 7, 'ALICIA', '2021-06-18 11:36:04', '2021-06-18 11:36:04'),
	(190, 7, 'DIVILACAN', '2021-06-18 11:36:04', '2021-06-18 11:36:04'),
	(191, 7, 'ECHAGUE', '2021-06-18 11:36:04', '2021-06-18 11:36:04'),
	(192, 7, 'GAMU', '2021-06-18 11:36:04', '2021-06-18 11:36:04'),
	(193, 7, 'ILAGAN CITY', '2021-06-18 11:36:04', '2021-06-18 11:36:04'),
	(194, 7, 'JONES', '2021-06-18 11:36:04', '2021-06-18 11:36:04'),
	(195, 7, 'LUNA', '2021-06-18 11:36:04', '2021-06-18 11:36:04'),
	(196, 7, 'MACONACON', '2021-06-18 11:36:04', '2021-06-18 11:36:04'),
	(197, 7, 'DELFIN ALBANO (MAGSAYSAY)', '2021-06-18 11:36:04', '2021-06-18 11:36:04'),
	(198, 8, 'AMBAGUIO', '2021-06-18 11:38:35', '2021-06-18 11:38:35'),
	(199, 8, 'ARITAO', '2021-06-18 11:38:35', '2021-06-18 11:38:35'),
	(200, 8, 'BAGABAG', '2021-06-18 11:38:35', '2021-06-18 11:38:35'),
	(201, 8, 'BAMBANG', '2021-06-18 11:38:35', '2021-06-18 11:38:35'),
	(202, 8, 'BAYOMBONG', '2021-06-18 11:38:35', '2021-06-18 11:38:35'),
	(203, 8, 'DIADI', '2021-06-18 11:38:35', '2021-06-18 11:38:35'),
	(204, 8, 'DUPAX DEL NORTE', '2021-06-18 11:38:35', '2021-06-18 11:38:35'),
	(205, 8, 'DUPAX DEL SUR', '2021-06-18 11:38:35', '2021-06-18 11:38:35'),
	(206, 8, 'KASIBU', '2021-06-18 11:38:35', '2021-06-18 11:38:35'),
	(207, 8, 'KAYAPA', '2021-06-18 11:38:35', '2021-06-18 11:38:35'),
	(208, 8, 'QUEZON', '2021-06-18 11:38:35', '2021-06-18 11:38:35'),
	(209, 8, 'SANTA FE', '2021-06-18 11:38:36', '2021-06-18 11:38:36'),
	(210, 8, 'SOLANO', '2021-06-18 11:38:36', '2021-06-18 11:38:36'),
	(211, 8, 'VILLAVERDE', '2021-06-18 11:38:36', '2021-06-18 11:38:36'),
	(212, 8, 'ALFONSO CASTANEDA', '2021-06-18 11:38:36', '2021-06-18 11:38:36'),
	(213, 9, 'AGLIPAY', '2021-06-18 11:43:25', '2021-06-18 11:43:25'),
	(214, 9, 'CABARROGUIS', '2021-06-18 11:43:25', '2021-06-18 11:43:25'),
	(215, 9, 'DIFFUN', '2021-06-18 11:43:25', '2021-06-18 11:43:25'),
	(216, 9, 'MADDELA', '2021-06-18 11:43:25', '2021-06-18 11:43:25'),
	(217, 9, 'SAGUDAY', '2021-06-18 11:43:25', '2021-06-18 11:43:25'),
	(218, 9, 'NAGTIPUNAN', '2021-06-18 11:43:25', '2021-06-18 11:43:25'),
	(219, 10, 'ABUCAY', '2021-06-18 21:38:16', '2021-06-18 21:38:16'),
	(220, 10, 'BAGAC', '2021-06-18 21:38:16', '2021-06-18 21:38:16'),
	(221, 10, 'CITY OF BALANGA', '2021-06-18 21:38:16', '2021-06-18 21:38:16'),
	(222, 10, 'DINALUPIHAN', '2021-06-18 21:38:16', '2021-06-18 21:38:16'),
	(223, 10, 'HERMOSA', '2021-06-18 21:38:16', '2021-06-18 21:38:16'),
	(224, 10, 'LIMAY', '2021-06-18 21:38:16', '2021-06-18 21:38:16'),
	(225, 10, 'MARIVELES', '2021-06-18 21:38:16', '2021-06-18 21:38:16'),
	(226, 10, 'MORONG', '2021-06-18 21:38:16', '2021-06-18 21:38:16'),
	(227, 10, 'ORANI', '2021-06-18 21:38:16', '2021-06-18 21:38:16'),
	(228, 10, 'ORION', '2021-06-18 21:38:16', '2021-06-18 21:38:16'),
	(229, 10, 'PILAR', '2021-06-18 21:38:16', '2021-06-18 21:38:16'),
	(230, 10, 'SAMAL', '2021-06-18 21:38:16', '2021-06-18 21:38:16'),
	(231, 11, 'NORZAGARAY', '2021-06-18 22:41:24', '2021-06-18 22:41:24'),
	(232, 11, 'DOÑA REMEDIOS TRINIDAD', '2021-06-18 22:41:24', '2021-06-18 22:41:24'),
	(233, 11, 'SANTA MARIA', '2021-06-18 22:41:24', '2021-06-18 22:41:24'),
	(234, 11, 'SAN RAFAEL', '2021-06-18 22:41:24', '2021-06-18 22:41:24'),
	(235, 11, 'SAN MIGUEL', '2021-06-18 22:41:24', '2021-06-18 22:41:24'),
	(236, 11, 'CITY OF SAN JOSE DEL MONTE', '2021-06-18 22:41:24', '2021-06-18 22:41:24'),
	(237, 11, 'SAN ILDEFONSO', '2021-06-18 22:41:24', '2021-06-18 22:41:24'),
	(238, 11, 'PULILAN', '2021-06-18 22:41:24', '2021-06-18 22:41:24'),
	(239, 11, 'PLARIDEL', '2021-06-18 22:41:24', '2021-06-18 22:41:24'),
	(240, 11, 'PAOMBONG', '2021-06-18 22:41:24', '2021-06-18 22:41:24'),
	(241, 11, 'PANDI', '2021-06-18 22:41:24', '2021-06-18 22:41:24'),
	(242, 11, 'OBANDO', '2021-06-18 22:41:24', '2021-06-18 22:41:24'),
	(243, 11, 'ANGAT', '2021-06-18 22:41:24', '2021-06-18 22:41:24'),
	(244, 11, 'CITY OF MEYCAUAYAN', '2021-06-18 22:41:24', '2021-06-18 22:41:24'),
	(245, 11, 'MARILAO', '2021-06-18 22:41:24', '2021-06-18 22:41:24'),
	(246, 11, 'CITY OF MALOLOS', '2021-06-18 22:41:24', '2021-06-18 22:41:24'),
	(247, 11, 'HAGONOY', '2021-06-18 22:41:25', '2021-06-18 22:41:25'),
	(248, 11, 'GUIGUINTO', '2021-06-18 22:41:25', '2021-06-18 22:41:25'),
	(249, 11, 'CALUMPIT', '2021-06-18 22:41:25', '2021-06-18 22:41:25'),
	(250, 11, 'BUSTOS', '2021-06-18 22:41:25', '2021-06-18 22:41:25'),
	(251, 11, 'BULACAN', '2021-06-18 22:41:25', '2021-06-18 22:41:25'),
	(252, 11, 'BOCAUE', '2021-06-18 22:41:25', '2021-06-18 22:41:25'),
	(253, 11, 'BALIUAG', '2021-06-18 22:41:25', '2021-06-18 22:41:25'),
	(254, 11, 'BALAGTAS (BIGAA)', '2021-06-18 22:41:25', '2021-06-18 22:41:25'),
	(255, 12, 'SCIENCE CITY OF MUÑOZ', '2021-06-18 22:43:15', '2021-06-18 22:43:15'),
	(256, 12, 'ZARAGOZA', '2021-06-18 22:43:15', '2021-06-18 22:43:15'),
	(257, 12, 'TALUGTUG', '2021-06-18 22:43:15', '2021-06-18 22:43:15'),
	(258, 12, 'TALAVERA', '2021-06-18 22:43:15', '2021-06-18 22:43:15'),
	(259, 12, 'SANTO DOMINGO', '2021-06-18 22:43:15', '2021-06-18 22:43:15'),
	(260, 12, 'SANTA ROSA', '2021-06-18 22:43:15', '2021-06-18 22:43:15'),
	(261, 12, 'SAN LEONARDO', '2021-06-18 22:43:15', '2021-06-18 22:43:15'),
	(262, 12, 'SAN JOSE CITY', '2021-06-18 22:43:15', '2021-06-18 22:43:15'),
	(263, 12, 'SAN ISIDRO', '2021-06-18 22:43:15', '2021-06-18 22:43:15'),
	(264, 12, 'SAN ANTONIO', '2021-06-18 22:43:15', '2021-06-18 22:43:15'),
	(265, 12, 'RIZAL', '2021-06-18 22:43:15', '2021-06-18 22:43:15'),
	(266, 12, 'QUEZON', '2021-06-18 22:43:15', '2021-06-18 22:43:15'),
	(267, 12, 'PEÑARANDA', '2021-06-18 22:43:15', '2021-06-18 22:43:15'),
	(268, 12, 'PANTABANGAN', '2021-06-18 22:43:15', '2021-06-18 22:43:15'),
	(269, 12, 'PALAYAN CITY', '2021-06-18 22:43:15', '2021-06-18 22:43:15'),
	(270, 12, 'NAMPICUAN', '2021-06-18 22:43:15', '2021-06-18 22:43:15'),
	(271, 12, 'ALIAGA', '2021-06-18 22:43:15', '2021-06-18 22:43:15'),
	(272, 12, 'LUPAO', '2021-06-18 22:43:15', '2021-06-18 22:43:15'),
	(273, 12, 'LLANERA', '2021-06-18 22:43:15', '2021-06-18 22:43:15'),
	(274, 12, 'LICAB', '2021-06-18 22:43:15', '2021-06-18 22:43:15'),
	(275, 12, 'LAUR', '2021-06-18 22:43:15', '2021-06-18 22:43:15'),
	(276, 12, 'JAEN', '2021-06-18 22:43:15', '2021-06-18 22:43:15'),
	(277, 12, 'GUIMBA', '2021-06-18 22:43:15', '2021-06-18 22:43:15'),
	(278, 12, 'GENERAL TINIO (PAPAYA)', '2021-06-18 22:43:15', '2021-06-18 22:43:15'),
	(279, 12, 'GENERAL MAMERTO NATIVIDAD', '2021-06-18 22:43:15', '2021-06-18 22:43:15'),
	(280, 12, 'CITY OF GAPAN', '2021-06-18 22:43:15', '2021-06-18 22:43:15'),
	(281, 12, 'GABALDON (BITULOK &amp; SABANI)', '2021-06-18 22:43:16', '2021-06-18 22:43:16'),
	(282, 12, 'CUYAPO', '2021-06-18 22:43:16', '2021-06-18 22:43:16'),
	(283, 12, 'CARRANGLAN', '2021-06-18 22:43:16', '2021-06-18 22:43:16'),
	(284, 12, 'CABIAO', '2021-06-18 22:43:16', '2021-06-18 22:43:16'),
	(285, 12, 'CABANATUAN CITY', '2021-06-18 22:43:16', '2021-06-18 22:43:16'),
	(286, 12, 'BONGABON', '2021-06-18 22:43:16', '2021-06-18 22:43:16'),
	(287, 13, 'MASANTOL', '2021-06-18 22:47:54', '2021-06-18 22:47:54'),
	(288, 13, 'SASMUAN (Sexmoan)', '2021-06-18 22:47:54', '2021-06-18 22:47:54'),
	(289, 13, 'SANTO TOMAS', '2021-06-18 22:47:54', '2021-06-18 22:47:54'),
	(290, 13, 'SANTA RITA', '2021-06-18 22:47:54', '2021-06-18 22:47:54'),
	(291, 13, 'SANTA ANA', '2021-06-18 22:47:54', '2021-06-18 22:47:54'),
	(292, 13, 'SAN SIMON', '2021-06-18 22:47:54', '2021-06-18 22:47:54'),
	(293, 13, 'SAN LUIS', '2021-06-18 22:47:54', '2021-06-18 22:47:54'),
	(294, 13, 'CITY OF SAN FERNANDO', '2021-06-18 22:47:54', '2021-06-18 22:47:54'),
	(295, 13, 'PORAC', '2021-06-18 22:47:54', '2021-06-18 22:47:54'),
	(296, 13, 'MINALIN', '2021-06-18 22:47:54', '2021-06-18 22:47:54'),
	(297, 13, 'MEXICO', '2021-06-18 22:47:54', '2021-06-18 22:47:54'),
	(298, 13, 'ANGELES CITY', '2021-06-18 22:47:55', '2021-06-18 22:47:55'),
	(299, 13, 'MAGALANG', '2021-06-18 22:47:55', '2021-06-18 22:47:55'),
	(300, 13, 'MACABEBE', '2021-06-18 22:47:55', '2021-06-18 22:47:55'),
	(301, 13, 'MABALACAT CITY', '2021-06-18 22:47:55', '2021-06-18 22:47:55'),
	(302, 13, 'LUBAO', '2021-06-18 22:47:55', '2021-06-18 22:47:55'),
	(303, 13, 'GUAGUA', '2021-06-18 22:47:55', '2021-06-18 22:47:55'),
	(304, 13, 'FLORIDABLANCA', '2021-06-18 22:47:55', '2021-06-18 22:47:55'),
	(305, 13, 'CANDABA', '2021-06-18 22:47:55', '2021-06-18 22:47:55'),
	(306, 13, 'BACOLOR', '2021-06-18 22:47:55', '2021-06-18 22:47:55'),
	(307, 13, 'ARAYAT', '2021-06-18 22:47:55', '2021-06-18 22:47:55'),
	(308, 13, 'APALI', '2021-06-18 22:47:55', '2021-06-18 22:47:55'),
	(309, 14, 'PANIQUI', '2021-06-18 22:51:51', '2021-06-18 22:51:51'),
	(310, 14, 'SAN JOSE', '2021-06-18 22:51:51', '2021-06-18 22:51:51'),
	(311, 14, 'VICTORIA', '2021-06-18 22:51:51', '2021-06-18 22:51:51'),
	(312, 14, 'CITY OF TARLAC', '2021-06-18 22:51:51', '2021-06-18 22:51:51'),
	(313, 14, 'SANTA IGNACIA', '2021-06-18 22:51:51', '2021-06-18 22:51:51'),
	(314, 14, 'SAN MANUEL', '2021-06-18 22:51:51', '2021-06-18 22:51:51'),
	(315, 14, 'SAN CLEMENTE', '2021-06-18 22:51:51', '2021-06-18 22:51:51'),
	(316, 14, 'RAMOS', '2021-06-18 22:51:51', '2021-06-18 22:51:51'),
	(317, 14, 'PURA', '2021-06-18 22:51:51', '2021-06-18 22:51:51'),
	(318, 14, 'ANAO', '2021-06-18 22:51:51', '2021-06-18 22:51:51'),
	(319, 14, 'MONCADA', '2021-06-18 22:51:51', '2021-06-18 22:51:51'),
	(320, 14, 'MAYANTOC', '2021-06-18 22:51:51', '2021-06-18 22:51:51'),
	(321, 14, 'LA PAZ', '2021-06-18 22:51:51', '2021-06-18 22:51:51'),
	(322, 14, 'GERONA', '2021-06-18 22:51:51', '2021-06-18 22:51:51'),
	(323, 14, 'CONCEPCION', '2021-06-18 22:51:52', '2021-06-18 22:51:52'),
	(324, 14, 'CAPAS', '2021-06-18 22:51:52', '2021-06-18 22:51:52'),
	(325, 14, 'CAMILING', '2021-06-18 22:51:52', '2021-06-18 22:51:52'),
	(326, 14, 'BAMBAN', '2021-06-18 22:51:52', '2021-06-18 22:51:52'),
	(327, 15, 'BOTOLAN', '2021-06-18 22:53:58', '2021-06-18 22:53:58'),
	(328, 15, 'CABANGAN', '2021-06-18 22:53:58', '2021-06-18 22:53:58'),
	(329, 15, 'CANDELARIA', '2021-06-18 22:53:58', '2021-06-18 22:53:58'),
	(330, 15, 'CASTILLEJOS', '2021-06-18 22:53:58', '2021-06-18 22:53:58'),
	(331, 15, 'IBA (Capital)', '2021-06-18 22:53:58', '2021-06-18 22:53:58'),
	(332, 15, 'MASINLOC', '2021-06-18 22:53:58', '2021-06-18 22:53:58'),
	(333, 15, 'OLONGAPO CITY', '2021-06-18 22:53:58', '2021-06-18 22:53:58'),
	(334, 15, 'PALAUIG', '2021-06-18 22:53:58', '2021-06-18 22:53:58'),
	(335, 15, 'SAN ANTONIO', '2021-06-18 22:53:58', '2021-06-18 22:53:58'),
	(336, 15, 'SAN FELIPE', '2021-06-18 22:53:58', '2021-06-18 22:53:58'),
	(337, 15, 'SAN MARCELINO', '2021-06-18 22:53:58', '2021-06-18 22:53:58'),
	(338, 15, 'SAN NARCISO', '2021-06-18 22:53:59', '2021-06-18 22:53:59'),
	(339, 15, 'SANTA CRUZ', '2021-06-18 22:53:59', '2021-06-18 22:53:59'),
	(340, 15, 'SUBIC', '2021-06-18 22:53:59', '2021-06-18 22:53:59'),
	(341, 16, 'BALER', '2021-06-18 23:00:47', '2021-06-18 23:00:47'),
	(342, 16, 'CASIGURAN', '2021-06-18 23:00:47', '2021-06-18 23:00:47'),
	(343, 16, 'DILASAG', '2021-06-18 23:00:47', '2021-06-18 23:00:47'),
	(344, 16, 'DINALUNGAN', '2021-06-18 23:00:47', '2021-06-18 23:00:47'),
	(345, 16, 'DINGALAN', '2021-06-18 23:00:47', '2021-06-18 23:00:47'),
	(346, 16, 'DIPACULAO', '2021-06-18 23:00:47', '2021-06-18 23:00:47'),
	(347, 16, 'MARIA AURORA', '2021-06-18 23:00:47', '2021-06-18 23:00:47'),
	(348, 16, 'SAN LUIS', '2021-06-18 23:00:47', '2021-06-18 23:00:47'),
	(349, 17, 'SANTA TERESITA', '2021-06-18 23:02:58', '2021-06-18 23:02:58'),
	(350, 17, 'NASUGBU', '2021-06-18 23:02:58', '2021-06-18 23:02:58'),
	(351, 17, 'PADRE GARCIA', '2021-06-18 23:02:58', '2021-06-18 23:02:58'),
	(352, 17, 'ROSARIO', '2021-06-18 23:02:58', '2021-06-18 23:02:58'),
	(353, 17, 'SAN JOSE', '2021-06-18 23:02:58', '2021-06-18 23:02:58'),
	(354, 17, 'SAN JUAN', '2021-06-18 23:02:58', '2021-06-18 23:02:58'),
	(355, 17, 'SAN LUIS', '2021-06-18 23:02:58', '2021-06-18 23:02:58'),
	(356, 17, 'SAN NICOLAS', '2021-06-18 23:02:58', '2021-06-18 23:02:58'),
	(357, 17, 'SAN PASCUAL', '2021-06-18 23:02:58', '2021-06-18 23:02:58'),
	(358, 17, 'MATAASNAKAHOY', '2021-06-18 23:02:58', '2021-06-18 23:02:58'),
	(359, 17, 'SANTO TOMAS', '2021-06-18 23:02:58', '2021-06-18 23:02:58'),
	(360, 17, 'TAAL', '2021-06-18 23:02:58', '2021-06-18 23:02:58'),
	(361, 17, 'TALISAY', '2021-06-18 23:02:58', '2021-06-18 23:02:58'),
	(362, 17, 'CITY OF TANAUAN', '2021-06-18 23:02:58', '2021-06-18 23:02:58'),
	(363, 17, 'TAYSAN', '2021-06-18 23:02:58', '2021-06-18 23:02:58'),
	(364, 17, 'TINGLOY', '2021-06-18 23:02:59', '2021-06-18 23:02:59'),
	(365, 17, 'TUY', '2021-06-18 23:02:59', '2021-06-18 23:02:59'),
	(366, 17, 'IBAAN', '2021-06-18 23:02:59', '2021-06-18 23:02:59'),
	(367, 17, 'ALITAGTAG', '2021-06-18 23:02:59', '2021-06-18 23:02:59'),
	(368, 17, 'BALAYAN', '2021-06-18 23:02:59', '2021-06-18 23:02:59'),
	(369, 17, 'BALETE', '2021-06-18 23:02:59', '2021-06-18 23:02:59'),
	(370, 17, 'BATANGAS CITY', '2021-06-18 23:02:59', '2021-06-18 23:02:59'),
	(371, 17, 'BAUAN', '2021-06-18 23:02:59', '2021-06-18 23:02:59'),
	(372, 17, 'CALACA', '2021-06-18 23:02:59', '2021-06-18 23:02:59'),
	(373, 17, 'CALATAGAN', '2021-06-18 23:02:59', '2021-06-18 23:02:59'),
	(374, 17, 'CUENCA', '2021-06-18 23:02:59', '2021-06-18 23:02:59'),
	(375, 17, 'AGONCILLO', '2021-06-18 23:02:59', '2021-06-18 23:02:59'),
	(376, 17, 'LAUREL', '2021-06-18 23:02:59', '2021-06-18 23:02:59'),
	(377, 17, 'LEMERY', '2021-06-18 23:02:59', '2021-06-18 23:02:59'),
	(378, 17, 'LIAN', '2021-06-18 23:02:59', '2021-06-18 23:02:59'),
	(379, 17, 'LIPA CITY', '2021-06-18 23:02:59', '2021-06-18 23:02:59'),
	(380, 17, 'LOBO', '2021-06-18 23:02:59', '2021-06-18 23:02:59'),
	(381, 17, 'MABINI', '2021-06-18 23:02:59', '2021-06-18 23:02:59'),
	(382, 17, 'MALVAR', '2021-06-18 23:02:59', '2021-06-18 23:02:59'),
	(383, 18, 'MAGALLANES', '2021-06-18 23:04:03', '2021-06-18 23:04:03'),
	(384, 18, 'GEN. MARIANO ALVAREZ', '2021-06-18 23:04:03', '2021-06-18 23:04:03'),
	(385, 18, 'TRECE MARTIRES CITY', '2021-06-18 23:04:03', '2021-06-18 23:04:03'),
	(386, 18, 'TERNATE', '2021-06-18 23:04:03', '2021-06-18 23:04:03'),
	(387, 18, 'TANZA', '2021-06-18 23:04:03', '2021-06-18 23:04:03'),
	(388, 18, 'TAGAYTAY CITY', '2021-06-18 23:04:03', '2021-06-18 23:04:03'),
	(389, 18, 'SILANG', '2021-06-18 23:04:03', '2021-06-18 23:04:03'),
	(390, 18, 'ROSARIO', '2021-06-18 23:04:03', '2021-06-18 23:04:03'),
	(391, 18, 'NOVELETA', '2021-06-18 23:04:03', '2021-06-18 23:04:03'),
	(392, 18, 'NAIC', '2021-06-18 23:04:03', '2021-06-18 23:04:03'),
	(393, 18, 'MENDEZ (MENDEZ-NUÑEZ)', '2021-06-18 23:04:04', '2021-06-18 23:04:04'),
	(394, 18, 'MARAGONDON', '2021-06-18 23:04:04', '2021-06-18 23:04:04'),
	(395, 18, 'ALFONSO', '2021-06-18 23:04:04', '2021-06-18 23:04:04'),
	(396, 18, 'KAWIT', '2021-06-18 23:04:04', '2021-06-18 23:04:04'),
	(397, 18, 'INDANG', '2021-06-18 23:04:04', '2021-06-18 23:04:04'),
	(398, 18, 'IMUS CITY', '2021-06-18 23:04:04', '2021-06-18 23:04:04'),
	(399, 18, 'GENERAL TRIAS', '2021-06-18 23:04:04', '2021-06-18 23:04:04'),
	(400, 18, 'GENERAL EMILIO AGUINALDO', '2021-06-18 23:04:04', '2021-06-18 23:04:04'),
	(401, 18, 'CITY OF DASMARIÑAS', '2021-06-18 23:04:04', '2021-06-18 23:04:04'),
	(402, 18, 'CAVITE CITY', '2021-06-18 23:04:04', '2021-06-18 23:04:04'),
	(403, 18, 'CARMONA', '2021-06-18 23:04:04', '2021-06-18 23:04:04'),
	(404, 18, 'BACOOR CITY', '2021-06-18 23:04:04', '2021-06-18 23:04:04'),
	(405, 18, 'AMADEO', '2021-06-18 23:04:04', '2021-06-18 23:04:04'),
	(406, 19, 'MAJAYJAY', '2021-06-18 23:05:20', '2021-06-18 23:05:20'),
	(407, 19, 'VICTORIA', '2021-06-18 23:05:20', '2021-06-18 23:05:20'),
	(408, 19, 'SINILOAN', '2021-06-18 23:05:20', '2021-06-18 23:05:20'),
	(409, 19, 'CITY OF SANTA ROSA', '2021-06-18 23:05:20', '2021-06-18 23:05:20'),
	(410, 19, 'SANTA MARIA', '2021-06-18 23:05:20', '2021-06-18 23:05:20'),
	(411, 19, 'SANTA CRUZ', '2021-06-18 23:05:20', '2021-06-18 23:05:20'),
	(412, 19, 'CITY OF SAN PEDRO', '2021-06-18 23:05:20', '2021-06-18 23:05:20'),
	(413, 19, 'SAN PABLO CITY', '2021-06-18 23:05:20', '2021-06-18 23:05:20'),
	(414, 19, 'RIZAL', '2021-06-18 23:05:20', '2021-06-18 23:05:20'),
	(415, 19, 'PILA', '2021-06-18 23:05:20', '2021-06-18 23:05:20'),
	(416, 19, 'PANGIL', '2021-06-18 23:05:20', '2021-06-18 23:05:20'),
	(417, 19, 'PAKIL', '2021-06-18 23:05:20', '2021-06-18 23:05:20'),
	(418, 19, 'PAGSANJAN', '2021-06-18 23:05:20', '2021-06-18 23:05:20'),
	(419, 19, 'PAETE', '2021-06-18 23:05:20', '2021-06-18 23:05:20'),
	(420, 19, 'NAGCARLAN', '2021-06-18 23:05:20', '2021-06-18 23:05:20'),
	(421, 19, 'ALAMINOS', '2021-06-18 23:05:20', '2021-06-18 23:05:20'),
	(422, 19, 'MAGDALENA', '2021-06-18 23:05:20', '2021-06-18 23:05:20'),
	(423, 19, 'MABITAC', '2021-06-18 23:05:20', '2021-06-18 23:05:20'),
	(424, 19, 'LUMBAN', '2021-06-18 23:05:20', '2021-06-18 23:05:20'),
	(425, 19, 'LUISIANA', '2021-06-18 23:05:20', '2021-06-18 23:05:20'),
	(426, 19, 'LOS BAÑOS', '2021-06-18 23:05:20', '2021-06-18 23:05:20'),
	(427, 19, 'LILIW', '2021-06-18 23:05:20', '2021-06-18 23:05:20'),
	(428, 19, 'KALAYAAN', '2021-06-18 23:05:20', '2021-06-18 23:05:20'),
	(429, 19, 'FAMY', '2021-06-18 23:05:20', '2021-06-18 23:05:20'),
	(430, 19, 'CAVINTI', '2021-06-18 23:05:20', '2021-06-18 23:05:20'),
	(431, 19, 'CALAUAN', '2021-06-18 23:05:20', '2021-06-18 23:05:20'),
	(432, 19, 'CITY OF CALAMBA', '2021-06-18 23:05:20', '2021-06-18 23:05:20'),
	(433, 19, 'CABUYAO CITY', '2021-06-18 23:05:20', '2021-06-18 23:05:20'),
	(434, 19, 'CITY OF BIÑAN', '2021-06-18 23:05:20', '2021-06-18 23:05:20'),
	(435, 19, 'BAY', '2021-06-18 23:05:20', '2021-06-18 23:05:20'),
	(436, 20, 'SAMPALOC', '2021-06-18 23:06:26', '2021-06-18 23:06:26'),
	(437, 20, 'PADRE BURGOS', '2021-06-18 23:06:26', '2021-06-18 23:06:26'),
	(438, 20, 'PAGBILAO', '2021-06-18 23:06:26', '2021-06-18 23:06:26'),
	(439, 20, 'PANUKULAN', '2021-06-18 23:06:26', '2021-06-18 23:06:26'),
	(440, 20, 'PATNANUNGAN', '2021-06-18 23:06:26', '2021-06-18 23:06:26'),
	(441, 20, 'PEREZ', '2021-06-18 23:06:26', '2021-06-18 23:06:26'),
	(442, 20, 'PITOGO', '2021-06-18 23:06:26', '2021-06-18 23:06:26'),
	(443, 20, 'PLARIDEL', '2021-06-18 23:06:26', '2021-06-18 23:06:26'),
	(444, 20, 'POLILLO', '2021-06-18 23:06:26', '2021-06-18 23:06:26'),
	(445, 20, 'QUEZON', '2021-06-18 23:06:26', '2021-06-18 23:06:26'),
	(446, 20, 'REAL', '2021-06-18 23:06:26', '2021-06-18 23:06:26'),
	(447, 20, 'MULANAY', '2021-06-18 23:06:26', '2021-06-18 23:06:26'),
	(448, 20, 'SAN ANDRES', '2021-06-18 23:06:26', '2021-06-18 23:06:26'),
	(449, 20, 'SAN ANTONIO', '2021-06-18 23:06:26', '2021-06-18 23:06:26'),
	(450, 20, 'SAN FRANCISCO (AURORA)', '2021-06-18 23:06:26', '2021-06-18 23:06:26'),
	(451, 20, 'SAN NARCISO', '2021-06-18 23:06:26', '2021-06-18 23:06:26'),
	(452, 20, 'SARIAYA', '2021-06-18 23:06:26', '2021-06-18 23:06:26'),
	(453, 20, 'TAGKAWAYAN', '2021-06-18 23:06:26', '2021-06-18 23:06:26'),
	(454, 20, 'CITY OF TAYABAS', '2021-06-18 23:06:26', '2021-06-18 23:06:26'),
	(455, 20, 'TIAONG', '2021-06-18 23:06:26', '2021-06-18 23:06:26'),
	(456, 20, 'UNISAN', '2021-06-18 23:06:26', '2021-06-18 23:06:26'),
	(457, 20, 'GENERAL NAKAR', '2021-06-18 23:06:26', '2021-06-18 23:06:26'),
	(458, 20, 'ALABAT', '2021-06-18 23:06:26', '2021-06-18 23:06:26'),
	(459, 20, 'ATIMONAN', '2021-06-18 23:06:26', '2021-06-18 23:06:26'),
	(460, 20, 'BUENAVISTA', '2021-06-18 23:06:26', '2021-06-18 23:06:26'),
	(461, 20, 'BURDEOS', '2021-06-18 23:06:26', '2021-06-18 23:06:26'),
	(462, 20, 'CALAUAG', '2021-06-18 23:06:26', '2021-06-18 23:06:26'),
	(463, 20, 'CANDELARIA', '2021-06-18 23:06:26', '2021-06-18 23:06:26'),
	(464, 20, 'CATANAUAN', '2021-06-18 23:06:26', '2021-06-18 23:06:26'),
	(465, 20, 'DOLORES', '2021-06-18 23:06:26', '2021-06-18 23:06:26'),
	(466, 20, 'GENERAL LUNA', '2021-06-18 23:06:26', '2021-06-18 23:06:26'),
	(467, 20, 'AGDANGAN', '2021-06-18 23:06:26', '2021-06-18 23:06:26'),
	(468, 20, 'GUINAYANGAN', '2021-06-18 23:06:26', '2021-06-18 23:06:26'),
	(469, 20, 'GUMACA', '2021-06-18 23:06:26', '2021-06-18 23:06:26'),
	(470, 20, 'INFANTA', '2021-06-18 23:06:26', '2021-06-18 23:06:26'),
	(471, 20, 'JOMALIG', '2021-06-18 23:06:26', '2021-06-18 23:06:26'),
	(472, 20, 'LOPEZ', '2021-06-18 23:06:26', '2021-06-18 23:06:26'),
	(473, 20, 'LUCBAN', '2021-06-18 23:06:26', '2021-06-18 23:06:26'),
	(474, 20, 'LUCENA CITY', '2021-06-18 23:06:26', '2021-06-18 23:06:26'),
	(475, 20, 'MACALELON', '2021-06-18 23:06:26', '2021-06-18 23:06:26'),
	(476, 20, 'MAUBAN', '2021-06-18 23:06:27', '2021-06-18 23:06:27'),
	(477, 21, 'ANGONO', '2021-06-18 23:08:23', '2021-06-18 23:08:23'),
	(478, 21, 'CITY OF ANTIPOLO', '2021-06-18 23:08:23', '2021-06-18 23:08:23'),
	(479, 21, 'BARAS', '2021-06-18 23:08:23', '2021-06-18 23:08:23'),
	(480, 21, 'BINANGONAN', '2021-06-18 23:08:23', '2021-06-18 23:08:23'),
	(481, 21, 'CAINTA', '2021-06-18 23:08:23', '2021-06-18 23:08:23'),
	(482, 21, 'CARDONA', '2021-06-18 23:08:23', '2021-06-18 23:08:23'),
	(483, 21, 'JALA-JALA', '2021-06-18 23:08:23', '2021-06-18 23:08:23'),
	(484, 21, 'RODRIGUEZ (MONTALBAN)', '2021-06-18 23:08:23', '2021-06-18 23:08:23'),
	(485, 21, 'MORONG', '2021-06-18 23:08:23', '2021-06-18 23:08:23'),
	(486, 21, 'PILILLA', '2021-06-18 23:08:23', '2021-06-18 23:08:23'),
	(487, 21, 'SAN MATEO', '2021-06-18 23:08:23', '2021-06-18 23:08:23'),
	(488, 21, 'TANAY', '2021-06-18 23:08:23', '2021-06-18 23:08:23'),
	(489, 21, 'TAYTAY', '2021-06-18 23:08:23', '2021-06-18 23:08:23'),
	(490, 21, 'TERESA', '2021-06-18 23:08:23', '2021-06-18 23:08:23'),
	(491, 22, 'MALINAO', '2021-06-18 23:11:09', '2021-06-18 23:11:09'),
	(492, 22, 'TIWI', '2021-06-18 23:11:09', '2021-06-18 23:11:09'),
	(493, 22, 'CITY OF TABACO', '2021-06-18 23:11:09', '2021-06-18 23:11:09'),
	(494, 22, 'SANTO DOMINGO (LIBOG)', '2021-06-18 23:11:09', '2021-06-18 23:11:09'),
	(495, 22, 'RAPU-RAPU', '2021-06-18 23:11:09', '2021-06-18 23:11:09'),
	(496, 22, 'POLANGUI', '2021-06-18 23:11:09', '2021-06-18 23:11:09'),
	(497, 22, 'PIO DURAN', '2021-06-18 23:11:09', '2021-06-18 23:11:09'),
	(498, 22, 'OAS', '2021-06-18 23:11:09', '2021-06-18 23:11:09'),
	(499, 22, 'MANITO', '2021-06-18 23:11:09', '2021-06-18 23:11:09'),
	(500, 22, 'BACACAY', '2021-06-18 23:11:09', '2021-06-18 23:11:09'),
	(501, 22, 'MALILIPOT', '2021-06-18 23:11:09', '2021-06-18 23:11:09'),
	(502, 22, 'CITY OF LIGAO', '2021-06-18 23:11:09', '2021-06-18 23:11:09'),
	(503, 22, 'LIBON', '2021-06-18 23:11:09', '2021-06-18 23:11:09'),
	(504, 22, 'LEGAZPI CITY', '2021-06-18 23:11:09', '2021-06-18 23:11:09'),
	(505, 22, 'JOVELLAR', '2021-06-18 23:11:09', '2021-06-18 23:11:09'),
	(506, 22, 'GUINOBATAN', '2021-06-18 23:11:09', '2021-06-18 23:11:09'),
	(507, 22, 'DARAGA (LOCSIN)', '2021-06-18 23:11:09', '2021-06-18 23:11:09'),
	(508, 22, 'CAMALIG', '2021-06-18 23:11:09', '2021-06-18 23:11:09'),
	(509, 23, 'BASUD', '2021-06-18 23:17:16', '2021-06-18 23:17:16'),
	(510, 23, 'CAPALONGA', '2021-06-18 23:17:16', '2021-06-18 23:17:16'),
	(511, 23, 'DAET', '2021-06-18 23:17:16', '2021-06-18 23:17:16'),
	(512, 23, 'SAN LORENZO RUIZ (IMELDA)', '2021-06-18 23:17:16', '2021-06-18 23:17:16'),
	(513, 23, 'JOSE PANGANIBAN', '2021-06-18 23:17:16', '2021-06-18 23:17:16'),
	(514, 23, 'LABO', '2021-06-18 23:17:16', '2021-06-18 23:17:16'),
	(515, 23, 'MERCEDES', '2021-06-18 23:17:16', '2021-06-18 23:17:16'),
	(516, 23, 'PARACALE', '2021-06-18 23:17:16', '2021-06-18 23:17:16'),
	(517, 23, 'SAN VICENTE', '2021-06-18 23:17:16', '2021-06-18 23:17:16'),
	(518, 23, 'SANTA ELENA', '2021-06-18 23:17:16', '2021-06-18 23:17:16'),
	(519, 23, 'TALISAY', '2021-06-18 23:17:16', '2021-06-18 23:17:16'),
	(520, 23, 'VINZONS', '2021-06-18 23:17:16', '2021-06-18 23:17:16'),
	(521, 24, 'PRESENTACION (PARUBCAN)', '2021-06-18 23:19:13', '2021-06-18 23:19:13'),
	(522, 24, 'MAGARAO', '2021-06-18 23:19:13', '2021-06-18 23:19:13'),
	(523, 24, 'MILAOR', '2021-06-18 23:19:13', '2021-06-18 23:19:13'),
	(524, 24, 'MINALABAC', '2021-06-18 23:19:13', '2021-06-18 23:19:13'),
	(525, 24, 'NABUA', '2021-06-18 23:19:13', '2021-06-18 23:19:13'),
	(526, 24, 'NAGA CITY', '2021-06-18 23:19:14', '2021-06-18 23:19:14'),
	(527, 24, 'OCAMPO', '2021-06-18 23:19:14', '2021-06-18 23:19:14'),
	(528, 24, 'PAMPLONA', '2021-06-18 23:19:14', '2021-06-18 23:19:14'),
	(529, 24, 'PASACAO', '2021-06-18 23:19:14', '2021-06-18 23:19:14'),
	(530, 24, 'PILI', '2021-06-18 23:19:14', '2021-06-18 23:19:14'),
	(531, 24, 'LUPI', '2021-06-18 23:19:14', '2021-06-18 23:19:14'),
	(532, 24, 'RAGAY', '2021-06-18 23:19:14', '2021-06-18 23:19:14'),
	(533, 24, 'SAGÑAY', '2021-06-18 23:19:14', '2021-06-18 23:19:14'),
	(534, 24, 'SAN FERNANDO', '2021-06-18 23:19:14', '2021-06-18 23:19:14'),
	(535, 24, 'SAN JOSE', '2021-06-18 23:19:14', '2021-06-18 23:19:14'),
	(536, 24, 'SIPOCOT', '2021-06-18 23:19:14', '2021-06-18 23:19:14'),
	(537, 24, 'SIRUMA', '2021-06-18 23:19:14', '2021-06-18 23:19:14'),
	(538, 24, 'TIGAON', '2021-06-18 23:19:14', '2021-06-18 23:19:14'),
	(539, 24, 'TINAMBAC', '2021-06-18 23:19:14', '2021-06-18 23:19:14'),
	(540, 24, 'CANAMAN', '2021-06-18 23:19:14', '2021-06-18 23:19:14'),
	(541, 24, 'BALATAN', '2021-06-18 23:19:14', '2021-06-18 23:19:14'),
	(542, 24, 'BATO', '2021-06-18 23:19:14', '2021-06-18 23:19:14'),
	(543, 24, 'BOMBON', '2021-06-18 23:19:14', '2021-06-18 23:19:14'),
	(544, 24, 'BUHI', '2021-06-18 23:19:14', '2021-06-18 23:19:14'),
	(545, 24, 'BULA', '2021-06-18 23:19:14', '2021-06-18 23:19:14'),
	(546, 24, 'CABUSAO', '2021-06-18 23:19:14', '2021-06-18 23:19:14'),
	(547, 24, 'CALABANGA', '2021-06-18 23:19:14', '2021-06-18 23:19:14'),
	(548, 24, 'CAMALIGAN', '2021-06-18 23:19:14', '2021-06-18 23:19:14'),
	(549, 24, 'BAAO', '2021-06-18 23:19:14', '2021-06-18 23:19:14'),
	(550, 24, 'CARAMOAN', '2021-06-18 23:19:14', '2021-06-18 23:19:14'),
	(551, 24, 'DEL GALLEGO', '2021-06-18 23:19:14', '2021-06-18 23:19:14'),
	(552, 24, 'GAINZA', '2021-06-18 23:19:14', '2021-06-18 23:19:14'),
	(553, 24, 'GARCHITORENA', '2021-06-18 23:19:14', '2021-06-18 23:19:14'),
	(554, 24, 'GOA', '2021-06-18 23:19:14', '2021-06-18 23:19:14'),
	(555, 24, 'IRIGA CITY', '2021-06-18 23:19:14', '2021-06-18 23:19:14'),
	(556, 24, 'LAGONOY', '2021-06-18 23:19:14', '2021-06-18 23:19:14'),
	(557, 24, 'LIBMANAN', '2021-06-18 23:19:14', '2021-06-18 23:19:14'),
	(558, 25, 'BAGAMANOC', '2021-06-18 23:20:21', '2021-06-18 23:20:21'),
	(559, 25, 'BARAS', '2021-06-18 23:20:21', '2021-06-18 23:20:21'),
	(560, 25, 'BATO', '2021-06-18 23:20:21', '2021-06-18 23:20:21'),
	(561, 25, 'CARAMORAN', '2021-06-18 23:20:21', '2021-06-18 23:20:21'),
	(562, 25, 'GIGMOTO', '2021-06-18 23:20:21', '2021-06-18 23:20:21'),
	(563, 25, 'PANDAN', '2021-06-18 23:20:21', '2021-06-18 23:20:21'),
	(564, 25, 'PANGANIBAN (PAYO)', '2021-06-18 23:20:21', '2021-06-18 23:20:21'),
	(565, 25, 'SAN ANDRES (CALOLBON)', '2021-06-18 23:20:21', '2021-06-18 23:20:21'),
	(566, 25, 'SAN MIGUEL', '2021-06-18 23:20:21', '2021-06-18 23:20:21'),
	(567, 25, 'VIGA', '2021-06-18 23:20:21', '2021-06-18 23:20:21'),
	(568, 25, 'VIRAC', '2021-06-18 23:20:21', '2021-06-18 23:20:21'),
	(569, 26, 'CITY OF MASBATE', '2021-06-18 23:25:17', '2021-06-18 23:25:17'),
	(570, 26, 'USON', '2021-06-18 23:25:17', '2021-06-18 23:25:17'),
	(571, 26, 'SAN PASCUAL', '2021-06-18 23:25:17', '2021-06-18 23:25:17'),
	(572, 26, 'SAN JACINTO', '2021-06-18 23:25:17', '2021-06-18 23:25:17'),
	(573, 26, 'SAN FERNANDO', '2021-06-18 23:25:17', '2021-06-18 23:25:17'),
	(574, 26, 'PLACER', '2021-06-18 23:25:17', '2021-06-18 23:25:17'),
	(575, 26, 'PIO V. CORPUZ (LIMBUHAN)', '2021-06-18 23:25:17', '2021-06-18 23:25:17'),
	(576, 26, 'PALANAS', '2021-06-18 23:25:17', '2021-06-18 23:25:17'),
	(577, 26, 'MONREAL', '2021-06-18 23:25:17', '2021-06-18 23:25:17'),
	(578, 26, 'MOBO', '2021-06-18 23:25:17', '2021-06-18 23:25:17'),
	(579, 26, 'MILAGROS', '2021-06-18 23:25:17', '2021-06-18 23:25:17'),
	(580, 26, 'AROROY', '2021-06-18 23:25:17', '2021-06-18 23:25:17'),
	(581, 26, 'MANDAON', '2021-06-18 23:25:17', '2021-06-18 23:25:17'),
	(582, 26, 'ESPERANZA', '2021-06-18 23:25:17', '2021-06-18 23:25:17'),
	(583, 26, 'DIMASALANG', '2021-06-18 23:25:17', '2021-06-18 23:25:17'),
	(584, 26, 'CLAVERIA', '2021-06-18 23:25:17', '2021-06-18 23:25:17'),
	(585, 26, 'CAWAYAN', '2021-06-18 23:25:17', '2021-06-18 23:25:17'),
	(586, 26, 'CATAINGAN', '2021-06-18 23:25:17', '2021-06-18 23:25:17'),
	(587, 26, 'BATUAN', '2021-06-18 23:25:17', '2021-06-18 23:25:17'),
	(588, 26, 'BALUD', '2021-06-18 23:25:17', '2021-06-18 23:25:17'),
	(589, 26, 'BALENO', '2021-06-18 23:25:17', '2021-06-18 23:25:17'),
	(590, 27, 'BARCELONA', '2021-06-18 23:27:58', '2021-06-18 23:27:58'),
	(591, 27, 'BULAN', '2021-06-18 23:27:58', '2021-06-18 23:27:58'),
	(592, 27, 'BULUSAN', '2021-06-18 23:27:58', '2021-06-18 23:27:58'),
	(593, 27, 'CASIGURAN', '2021-06-18 23:27:58', '2021-06-18 23:27:58'),
	(594, 27, 'CASTILLA', '2021-06-18 23:27:58', '2021-06-18 23:27:58'),
	(595, 27, 'DONSOL', '2021-06-18 23:27:58', '2021-06-18 23:27:58'),
	(596, 27, 'GUBAT', '2021-06-18 23:27:58', '2021-06-18 23:27:58'),
	(597, 27, 'IROSIN', '2021-06-18 23:27:58', '2021-06-18 23:27:58'),
	(598, 27, 'JUBAN', '2021-06-18 23:27:58', '2021-06-18 23:27:58'),
	(599, 27, 'MAGALLANES', '2021-06-18 23:27:58', '2021-06-18 23:27:58'),
	(600, 27, 'MATNOG', '2021-06-18 23:27:58', '2021-06-18 23:27:58'),
	(601, 27, 'PILAR', '2021-06-18 23:27:58', '2021-06-18 23:27:58'),
	(602, 27, 'PRIETO DIAZ', '2021-06-18 23:27:58', '2021-06-18 23:27:58'),
	(603, 27, 'SANTA MAGDALENA', '2021-06-18 23:27:58', '2021-06-18 23:27:58'),
	(604, 27, 'CITY OF SORSOGON', '2021-06-18 23:27:58', '2021-06-18 23:27:58'),
	(605, 28, 'LIBACAO', '2021-06-18 23:30:46', '2021-06-18 23:30:46'),
	(606, 28, 'TANGALAN', '2021-06-18 23:30:46', '2021-06-18 23:30:46'),
	(607, 28, 'NUMANCIA', '2021-06-18 23:30:46', '2021-06-18 23:30:46'),
	(608, 28, 'NEW WASHINGTON', '2021-06-18 23:30:46', '2021-06-18 23:30:46'),
	(609, 28, 'NABAS', '2021-06-18 23:30:46', '2021-06-18 23:30:46'),
	(610, 28, 'MALINAO', '2021-06-18 23:30:46', '2021-06-18 23:30:46'),
	(611, 28, 'MALAY', '2021-06-18 23:30:46', '2021-06-18 23:30:46'),
	(612, 28, 'MAKATO', '2021-06-18 23:30:47', '2021-06-18 23:30:47'),
	(613, 28, 'MADALAG', '2021-06-18 23:30:47', '2021-06-18 23:30:47'),
	(614, 28, 'ALTAVAS', '2021-06-18 23:30:47', '2021-06-18 23:30:47'),
	(615, 28, 'LEZO', '2021-06-18 23:30:47', '2021-06-18 23:30:47'),
	(616, 28, 'KALIBO', '2021-06-18 23:30:47', '2021-06-18 23:30:47'),
	(617, 28, 'IBAJAY', '2021-06-18 23:30:47', '2021-06-18 23:30:47'),
	(618, 28, 'BURUANGA', '2021-06-18 23:30:47', '2021-06-18 23:30:47'),
	(619, 28, 'BATAN', '2021-06-18 23:30:47', '2021-06-18 23:30:47'),
	(620, 28, 'BANGA', '2021-06-18 23:30:47', '2021-06-18 23:30:47'),
	(621, 28, 'BALETE', '2021-06-18 23:30:47', '2021-06-18 23:30:47'),
	(622, 29, 'LIBERTAD', '2021-06-18 23:34:05', '2021-06-18 23:34:05'),
	(623, 29, 'VALDERRAMA', '2021-06-18 23:34:05', '2021-06-18 23:34:05'),
	(624, 29, 'TIBIAO', '2021-06-18 23:34:05', '2021-06-18 23:34:05'),
	(625, 29, 'SIBALOM', '2021-06-18 23:34:05', '2021-06-18 23:34:05'),
	(626, 29, 'SEBASTE', '2021-06-18 23:34:05', '2021-06-18 23:34:05'),
	(627, 29, 'SAN REMIGIO', '2021-06-18 23:34:05', '2021-06-18 23:34:05'),
	(628, 29, 'SAN JOSE', '2021-06-18 23:34:05', '2021-06-18 23:34:05'),
	(629, 29, 'PATNONGON', '2021-06-18 23:34:05', '2021-06-18 23:34:05'),
	(630, 29, 'PANDAN', '2021-06-18 23:34:05', '2021-06-18 23:34:05'),
	(631, 29, 'ANINI-Y', '2021-06-18 23:34:05', '2021-06-18 23:34:05'),
	(632, 29, 'LAUA-AN', '2021-06-18 23:34:05', '2021-06-18 23:34:05'),
	(633, 29, 'HAMTIC', '2021-06-18 23:34:05', '2021-06-18 23:34:05'),
	(634, 29, 'TOBIAS FORNIER (DAO)', '2021-06-18 23:34:06', '2021-06-18 23:34:06'),
	(635, 29, 'CULASI', '2021-06-18 23:34:06', '2021-06-18 23:34:06'),
	(636, 29, 'CALUYA', '2021-06-18 23:34:06', '2021-06-18 23:34:06'),
	(637, 29, 'BUGASONG', '2021-06-18 23:34:06', '2021-06-18 23:34:06'),
	(638, 29, 'BELISON', '2021-06-18 23:34:06', '2021-06-18 23:34:06'),
	(639, 29, 'BARBAZA', '2021-06-18 23:34:06', '2021-06-18 23:34:06'),
	(640, 30, 'PANAY', '2021-06-18 23:56:46', '2021-06-18 23:56:46'),
	(641, 30, 'TAPAZ', '2021-06-18 23:56:46', '2021-06-18 23:56:46'),
	(642, 30, 'SIGMA', '2021-06-18 23:56:46', '2021-06-18 23:56:46'),
	(643, 30, 'SAPI-AN', '2021-06-18 23:56:46', '2021-06-18 23:56:46'),
	(644, 30, 'ROXAS CITY', '2021-06-18 23:56:46', '2021-06-18 23:56:46'),
	(645, 30, 'PRESIDENT ROXAS', '2021-06-18 23:56:46', '2021-06-18 23:56:46'),
	(646, 30, 'PONTEVEDRA', '2021-06-18 23:56:46', '2021-06-18 23:56:46'),
	(647, 30, 'PILAR', '2021-06-18 23:56:46', '2021-06-18 23:56:46'),
	(648, 30, 'PANITAN', '2021-06-18 23:56:46', '2021-06-18 23:56:46'),
	(649, 30, 'CUARTERO', '2021-06-18 23:56:46', '2021-06-18 23:56:46'),
	(650, 30, 'MAMBUSAO', '2021-06-18 23:56:46', '2021-06-18 23:56:46'),
	(651, 30, 'MA-AYON', '2021-06-18 23:56:46', '2021-06-18 23:56:46'),
	(652, 30, 'JAMINDAN', '2021-06-18 23:56:46', '2021-06-18 23:56:46'),
	(653, 30, 'IVISAN', '2021-06-18 23:56:46', '2021-06-18 23:56:46'),
	(654, 30, 'DUMARAO', '2021-06-18 23:56:46', '2021-06-18 23:56:46'),
	(655, 30, 'DUMALAG', '2021-06-18 23:56:46', '2021-06-18 23:56:46'),
	(656, 30, 'DAO', '2021-06-18 23:56:46', '2021-06-18 23:56:46'),
	(657, 31, 'POTOTAN', '2021-06-18 23:58:47', '2021-06-18 23:58:47'),
	(658, 31, 'LEGANES', '2021-06-18 23:58:47', '2021-06-18 23:58:47'),
	(659, 31, 'LEMERY', '2021-06-18 23:58:47', '2021-06-18 23:58:47'),
	(660, 31, 'LEON', '2021-06-18 23:58:47', '2021-06-18 23:58:47'),
	(661, 31, 'MAASIN', '2021-06-18 23:58:47', '2021-06-18 23:58:47'),
	(662, 31, 'MIAGAO', '2021-06-18 23:58:47', '2021-06-18 23:58:47'),
	(663, 31, 'MINA', '2021-06-18 23:58:47', '2021-06-18 23:58:47'),
	(664, 31, 'NEW LUCENA', '2021-06-18 23:58:47', '2021-06-18 23:58:47'),
	(665, 31, 'OTON', '2021-06-18 23:58:47', '2021-06-18 23:58:47'),
	(666, 31, 'CITY OF PASSI', '2021-06-18 23:58:47', '2021-06-18 23:58:47'),
	(667, 31, 'PAVIA', '2021-06-18 23:58:47', '2021-06-18 23:58:47'),
	(668, 31, 'LAMBUNAO', '2021-06-18 23:58:47', '2021-06-18 23:58:47'),
	(669, 31, 'SAN DIONISIO', '2021-06-18 23:58:47', '2021-06-18 23:58:47'),
	(670, 31, 'SAN ENRIQUE', '2021-06-18 23:58:47', '2021-06-18 23:58:47'),
	(671, 31, 'SAN JOAQUIN', '2021-06-18 23:58:47', '2021-06-18 23:58:47'),
	(672, 31, 'SAN MIGUEL', '2021-06-18 23:58:47', '2021-06-18 23:58:47'),
	(673, 31, 'SAN RAFAEL', '2021-06-18 23:58:47', '2021-06-18 23:58:47'),
	(674, 31, 'SANTA BARBARA', '2021-06-18 23:58:47', '2021-06-18 23:58:47'),
	(675, 31, 'SARA', '2021-06-18 23:58:47', '2021-06-18 23:58:47'),
	(676, 31, 'TIGBAUAN', '2021-06-18 23:58:47', '2021-06-18 23:58:47'),
	(677, 31, 'TUBUNGAN', '2021-06-18 23:58:47', '2021-06-18 23:58:47'),
	(678, 31, 'ZARRAGA', '2021-06-18 23:58:47', '2021-06-18 23:58:47'),
	(679, 31, 'CALINOG', '2021-06-18 23:58:47', '2021-06-18 23:58:47'),
	(680, 31, 'ALIMODIAN', '2021-06-18 23:58:47', '2021-06-18 23:58:47'),
	(681, 31, 'ANILAO', '2021-06-18 23:58:47', '2021-06-18 23:58:47'),
	(682, 31, 'BADIANGAN', '2021-06-18 23:58:47', '2021-06-18 23:58:47'),
	(683, 31, 'BALASAN', '2021-06-18 23:58:47', '2021-06-18 23:58:47'),
	(684, 31, 'BANATE', '2021-06-18 23:58:47', '2021-06-18 23:58:47'),
	(685, 31, 'BAROTAC NUEVO', '2021-06-18 23:58:47', '2021-06-18 23:58:47'),
	(686, 31, 'BAROTAC VIEJO', '2021-06-18 23:58:47', '2021-06-18 23:58:47'),
	(687, 31, 'BATAD', '2021-06-18 23:58:47', '2021-06-18 23:58:47'),
	(688, 31, 'BINGAWAN', '2021-06-18 23:58:47', '2021-06-18 23:58:47'),
	(689, 31, 'CABATUAN', '2021-06-18 23:58:47', '2021-06-18 23:58:47'),
	(690, 31, 'AJUY', '2021-06-18 23:58:47', '2021-06-18 23:58:47'),
	(691, 31, 'CARLES', '2021-06-18 23:58:47', '2021-06-18 23:58:47'),
	(692, 31, 'CONCEPCION', '2021-06-18 23:58:47', '2021-06-18 23:58:47'),
	(693, 31, 'DINGLE', '2021-06-18 23:58:47', '2021-06-18 23:58:47'),
	(694, 31, 'DUEÑAS', '2021-06-18 23:58:47', '2021-06-18 23:58:47'),
	(695, 31, 'DUMANGAS', '2021-06-18 23:58:47', '2021-06-18 23:58:47'),
	(696, 31, 'ESTANCIA', '2021-06-18 23:58:47', '2021-06-18 23:58:47'),
	(697, 31, 'GUIMBAL', '2021-06-18 23:58:47', '2021-06-18 23:58:47'),
	(698, 31, 'IGBARAS', '2021-06-18 23:58:47', '2021-06-18 23:58:47'),
	(699, 31, 'ILOILO CITY', '2021-06-18 23:58:47', '2021-06-18 23:58:47'),
	(700, 31, 'JANIUAY', '2021-06-18 23:58:47', '2021-06-18 23:58:47'),
	(701, 32, 'LA CASTELLANA', '2021-06-19 00:00:45', '2021-06-19 00:00:45'),
	(702, 32, 'SALVADOR BENEDICTO', '2021-06-19 00:00:45', '2021-06-19 00:00:45'),
	(703, 32, 'CITY OF VICTORIAS', '2021-06-19 00:00:45', '2021-06-19 00:00:45'),
	(704, 32, 'VALLADOLID', '2021-06-19 00:00:45', '2021-06-19 00:00:45'),
	(705, 32, 'TOBOSO', '2021-06-19 00:00:45', '2021-06-19 00:00:45'),
	(706, 32, 'CITY OF TALISAY', '2021-06-19 00:00:45', '2021-06-19 00:00:45'),
	(707, 32, 'CITY OF SIPALAY', '2021-06-19 00:00:45', '2021-06-19 00:00:45'),
	(708, 32, 'SILAY CITY', '2021-06-19 00:00:45', '2021-06-19 00:00:45'),
	(709, 32, 'SAN ENRIQUE', '2021-06-19 00:00:45', '2021-06-19 00:00:45'),
	(710, 32, 'SAN CARLOS CITY', '2021-06-19 00:00:45', '2021-06-19 00:00:45'),
	(711, 32, 'SAGAY CITY', '2021-06-19 00:00:45', '2021-06-19 00:00:45'),
	(712, 32, 'PULUPANDAN', '2021-06-19 00:00:45', '2021-06-19 00:00:45'),
	(713, 32, 'PONTEVEDRA', '2021-06-19 00:00:45', '2021-06-19 00:00:45'),
	(714, 32, 'MURCIA', '2021-06-19 00:00:45', '2021-06-19 00:00:45'),
	(715, 32, 'MOISES PADILLA (MAGALLON)', '2021-06-19 00:00:45', '2021-06-19 00:00:45'),
	(716, 32, 'MANAPLA', '2021-06-19 00:00:45', '2021-06-19 00:00:45'),
	(717, 32, 'BACOLOD CITY', '2021-06-19 00:00:45', '2021-06-19 00:00:45'),
	(718, 32, 'LA CARLOTA CITY', '2021-06-19 00:00:45', '2021-06-19 00:00:45'),
	(719, 32, 'CITY OF KABANKALAN', '2021-06-19 00:00:45', '2021-06-19 00:00:45'),
	(720, 32, 'ISABELA', '2021-06-19 00:00:45', '2021-06-19 00:00:45'),
	(721, 32, 'ILOG', '2021-06-19 00:00:45', '2021-06-19 00:00:45'),
	(722, 32, 'HINOBA-AN (ASIA)', '2021-06-19 00:00:45', '2021-06-19 00:00:45'),
	(723, 32, 'HINIGARAN', '2021-06-19 00:00:45', '2021-06-19 00:00:45'),
	(724, 32, 'CITY OF HIMAMAYLAN', '2021-06-19 00:00:45', '2021-06-19 00:00:45'),
	(725, 32, 'CITY OF ESCALANTE', '2021-06-19 00:00:45', '2021-06-19 00:00:45'),
	(726, 32, 'ENRIQUE B. MAGALONA (SARAVIA)', '2021-06-19 00:00:45', '2021-06-19 00:00:45'),
	(727, 32, 'CAUAYAN', '2021-06-19 00:00:45', '2021-06-19 00:00:45'),
	(728, 32, 'CANDONI', '2021-06-19 00:00:45', '2021-06-19 00:00:45'),
	(729, 32, 'CALATRAVA', '2021-06-19 00:00:45', '2021-06-19 00:00:45'),
	(730, 32, 'CADIZ CITY', '2021-06-19 00:00:45', '2021-06-19 00:00:45'),
	(731, 32, 'BINALBAGAN', '2021-06-19 00:00:45', '2021-06-19 00:00:45'),
	(732, 32, 'BAGO CITY', '2021-06-19 00:00:45', '2021-06-19 00:00:45'),
	(733, 33, 'BUENAVISTA', '2021-06-19 00:02:18', '2021-06-19 00:02:18'),
	(734, 33, 'JORDAN', '2021-06-19 00:02:18', '2021-06-19 00:02:18'),
	(735, 33, 'NUEVA VALENCIA', '2021-06-19 00:02:18', '2021-06-19 00:02:18'),
	(736, 33, 'SAN LORENZO', '2021-06-19 00:02:18', '2021-06-19 00:02:18'),
	(737, 33, 'SIBUNAG', '2021-06-19 00:02:18', '2021-06-19 00:02:18'),
	(738, 34, 'SAN ISIDRO', '2021-06-19 00:07:20', '2021-06-19 00:07:20'),
	(739, 34, 'JETAFE', '2021-06-19 00:07:20', '2021-06-19 00:07:20'),
	(740, 34, 'LILA', '2021-06-19 00:07:20', '2021-06-19 00:07:20'),
	(741, 34, 'LOAY', '2021-06-19 00:07:20', '2021-06-19 00:07:20'),
	(742, 34, 'LOBOC', '2021-06-19 00:07:21', '2021-06-19 00:07:21'),
	(743, 34, 'LOON', '2021-06-19 00:07:21', '2021-06-19 00:07:21'),
	(744, 34, 'MABINI', '2021-06-19 00:07:21', '2021-06-19 00:07:21'),
	(745, 34, 'MARIBOJOC', '2021-06-19 00:07:21', '2021-06-19 00:07:21'),
	(746, 34, 'PANGLAO', '2021-06-19 00:07:21', '2021-06-19 00:07:21'),
	(747, 34, 'PILAR', '2021-06-19 00:07:21', '2021-06-19 00:07:21'),
	(748, 34, 'PRES. CARLOS P. GARCIA (PITOGO)', '2021-06-19 00:07:21', '2021-06-19 00:07:21'),
	(749, 34, 'SAGBAYAN (BORJA)', '2021-06-19 00:07:21', '2021-06-19 00:07:21'),
	(750, 34, 'JAGNA', '2021-06-19 00:07:21', '2021-06-19 00:07:21'),
	(751, 34, 'SAN MIGUEL', '2021-06-19 00:07:21', '2021-06-19 00:07:21'),
	(752, 34, 'SEVILLA', '2021-06-19 00:07:21', '2021-06-19 00:07:21'),
	(753, 34, 'SIERRA BULLONES', '2021-06-19 00:07:21', '2021-06-19 00:07:21'),
	(754, 34, 'SIKATUNA', '2021-06-19 00:07:21', '2021-06-19 00:07:21'),
	(755, 34, 'TAGBILARAN CITY', '2021-06-19 00:07:21', '2021-06-19 00:07:21'),
	(756, 34, 'TALIBON', '2021-06-19 00:07:21', '2021-06-19 00:07:21'),
	(757, 34, 'TRINIDAD', '2021-06-19 00:07:21', '2021-06-19 00:07:21'),
	(758, 34, 'TUBIGON', '2021-06-19 00:07:21', '2021-06-19 00:07:21'),
	(759, 34, 'UBAY', '2021-06-19 00:07:21', '2021-06-19 00:07:21'),
	(760, 34, 'VALENCIA', '2021-06-19 00:07:21', '2021-06-19 00:07:21'),
	(761, 34, 'BIEN UNIDO', '2021-06-19 00:07:21', '2021-06-19 00:07:21'),
	(762, 34, 'CATIGBIAN', '2021-06-19 00:07:21', '2021-06-19 00:07:21'),
	(763, 34, 'ALICIA', '2021-06-19 00:07:21', '2021-06-19 00:07:21'),
	(764, 34, 'ANDA', '2021-06-19 00:07:21', '2021-06-19 00:07:21'),
	(765, 34, 'ANTEQUERA', '2021-06-19 00:07:21', '2021-06-19 00:07:21'),
	(766, 34, 'BACLAYON', '2021-06-19 00:07:21', '2021-06-19 00:07:21'),
	(767, 34, 'BALILIHAN', '2021-06-19 00:07:21', '2021-06-19 00:07:21'),
	(768, 34, 'BATUAN', '2021-06-19 00:07:21', '2021-06-19 00:07:21'),
	(769, 34, 'BILAR', '2021-06-19 00:07:21', '2021-06-19 00:07:21'),
	(770, 34, 'BUENAVISTA', '2021-06-19 00:07:21', '2021-06-19 00:07:21'),
	(771, 34, 'CALAPE', '2021-06-19 00:07:21', '2021-06-19 00:07:21'),
	(772, 34, 'CANDIJAY', '2021-06-19 00:07:21', '2021-06-19 00:07:21'),
	(773, 34, 'CARMEN', '2021-06-19 00:07:21', '2021-06-19 00:07:21'),
	(774, 34, 'ALBURQUERQUE', '2021-06-19 00:07:21', '2021-06-19 00:07:21'),
	(775, 34, 'CLARIN', '2021-06-19 00:07:21', '2021-06-19 00:07:21'),
	(776, 34, 'CORELLA', '2021-06-19 00:07:21', '2021-06-19 00:07:21'),
	(777, 34, 'CORTES', '2021-06-19 00:07:21', '2021-06-19 00:07:21'),
	(778, 34, 'DAGOHOY', '2021-06-19 00:07:21', '2021-06-19 00:07:21'),
	(779, 34, 'DANAO', '2021-06-19 00:07:21', '2021-06-19 00:07:21'),
	(780, 34, 'DAUIS', '2021-06-19 00:07:21', '2021-06-19 00:07:21'),
	(781, 34, 'DIMIAO', '2021-06-19 00:07:21', '2021-06-19 00:07:21'),
	(782, 34, 'DUERO', '2021-06-19 00:07:21', '2021-06-19 00:07:21'),
	(783, 34, 'GARCIA HERNANDEZ', '2021-06-19 00:07:21', '2021-06-19 00:07:21'),
	(784, 34, 'GUINDULMAN', '2021-06-19 00:07:21', '2021-06-19 00:07:21'),
	(785, 34, 'INABANGA', '2021-06-19 00:07:21', '2021-06-19 00:07:21'),
	(786, 35, 'SAN FERNANDO', '2021-06-19 00:09:27', '2021-06-19 00:09:27'),
	(787, 35, 'MADRIDEJOS', '2021-06-19 00:09:27', '2021-06-19 00:09:27'),
	(788, 35, 'MALABUYOC', '2021-06-19 00:09:27', '2021-06-19 00:09:27'),
	(789, 35, 'MANDAUE CITY', '2021-06-19 00:09:27', '2021-06-19 00:09:27'),
	(790, 35, 'MEDELLIN', '2021-06-19 00:09:27', '2021-06-19 00:09:27'),
	(791, 35, 'MINGLANILLA', '2021-06-19 00:09:27', '2021-06-19 00:09:27'),
	(792, 35, 'MOALBOAL', '2021-06-19 00:09:27', '2021-06-19 00:09:27'),
	(793, 35, 'CITY OF NAGA', '2021-06-19 00:09:27', '2021-06-19 00:09:27'),
	(794, 35, 'OSLOB', '2021-06-19 00:09:27', '2021-06-19 00:09:27'),
	(795, 35, 'PILAR', '2021-06-19 00:09:27', '2021-06-19 00:09:27'),
	(796, 35, 'PINAMUNGAHAN', '2021-06-19 00:09:27', '2021-06-19 00:09:27'),
	(797, 35, 'PORO', '2021-06-19 00:09:27', '2021-06-19 00:09:27'),
	(798, 35, 'RONDA', '2021-06-19 00:09:27', '2021-06-19 00:09:27'),
	(799, 35, 'SAMBOAN', '2021-06-19 00:09:27', '2021-06-19 00:09:27'),
	(800, 35, 'LILOAN', '2021-06-19 00:09:27', '2021-06-19 00:09:27'),
	(801, 35, 'SAN FRANCISCO', '2021-06-19 00:09:27', '2021-06-19 00:09:27'),
	(802, 35, 'SAN REMIGIO', '2021-06-19 00:09:27', '2021-06-19 00:09:27'),
	(803, 35, 'SANTA FE', '2021-06-19 00:09:27', '2021-06-19 00:09:27'),
	(804, 35, 'SANTANDER', '2021-06-19 00:09:27', '2021-06-19 00:09:27'),
	(805, 35, 'SIBONGA', '2021-06-19 00:09:27', '2021-06-19 00:09:27'),
	(806, 35, 'SOGOD', '2021-06-19 00:09:27', '2021-06-19 00:09:27'),
	(807, 35, 'TABOGON', '2021-06-19 00:09:27', '2021-06-19 00:09:27'),
	(808, 35, 'TABUELAN', '2021-06-19 00:09:27', '2021-06-19 00:09:27'),
	(809, 35, 'CITY OF TALISAY', '2021-06-19 00:09:27', '2021-06-19 00:09:27'),
	(810, 35, 'TOLEDO CITY', '2021-06-19 00:09:27', '2021-06-19 00:09:27'),
	(811, 35, 'TUBURAN', '2021-06-19 00:09:27', '2021-06-19 00:09:27'),
	(812, 35, 'TUDELA', '2021-06-19 00:09:27', '2021-06-19 00:09:27'),
	(813, 35, 'CITY OF CARCAR', '2021-06-19 00:09:27', '2021-06-19 00:09:27'),
	(814, 35, 'ALCOY', '2021-06-19 00:09:27', '2021-06-19 00:09:27'),
	(815, 35, 'ALEGRIA', '2021-06-19 00:09:27', '2021-06-19 00:09:27'),
	(816, 35, 'ALOGUINSAN', '2021-06-19 00:09:27', '2021-06-19 00:09:27'),
	(817, 35, 'ARGAO', '2021-06-19 00:09:27', '2021-06-19 00:09:27'),
	(818, 35, 'ASTURIAS', '2021-06-19 00:09:27', '2021-06-19 00:09:27'),
	(819, 35, 'BADIAN', '2021-06-19 00:09:27', '2021-06-19 00:09:27'),
	(820, 35, 'BALAMBAN', '2021-06-19 00:09:27', '2021-06-19 00:09:27'),
	(821, 35, 'BANTAYAN', '2021-06-19 00:09:27', '2021-06-19 00:09:27'),
	(822, 35, 'BARILI', '2021-06-19 00:09:27', '2021-06-19 00:09:27'),
	(823, 35, 'CITY OF BOGO', '2021-06-19 00:09:27', '2021-06-19 00:09:27'),
	(824, 35, 'BOLJOON', '2021-06-19 00:09:27', '2021-06-19 00:09:27'),
	(825, 35, 'BORBON', '2021-06-19 00:09:27', '2021-06-19 00:09:27'),
	(826, 35, 'ALCANTARA', '2021-06-19 00:09:27', '2021-06-19 00:09:27'),
	(827, 35, 'CARMEN', '2021-06-19 00:09:27', '2021-06-19 00:09:27'),
	(828, 35, 'CATMON', '2021-06-19 00:09:27', '2021-06-19 00:09:27'),
	(829, 35, 'CEBU CITY', '2021-06-19 00:09:27', '2021-06-19 00:09:27'),
	(830, 35, 'COMPOSTELA', '2021-06-19 00:09:27', '2021-06-19 00:09:27'),
	(831, 35, 'CONSOLACION', '2021-06-19 00:09:27', '2021-06-19 00:09:27'),
	(832, 35, 'CORDOVA', '2021-06-19 00:09:27', '2021-06-19 00:09:27'),
	(833, 35, 'DAANBANTAYAN', '2021-06-19 00:09:27', '2021-06-19 00:09:27'),
	(834, 35, 'DALAGUETE', '2021-06-19 00:09:27', '2021-06-19 00:09:27'),
	(835, 35, 'DANAO CITY', '2021-06-19 00:09:27', '2021-06-19 00:09:27'),
	(836, 35, 'DUMANJUG', '2021-06-19 00:09:27', '2021-06-19 00:09:27'),
	(837, 35, 'GINATILAN', '2021-06-19 00:09:27', '2021-06-19 00:09:27'),
	(838, 35, 'LAPU-LAPU CITY (OPON)', '2021-06-19 00:09:27', '2021-06-19 00:09:27'),
	(839, 36, 'LA LIBERTAD', '2021-06-19 00:10:59', '2021-06-19 00:10:59'),
	(840, 36, 'ZAMBOANGUITA', '2021-06-19 00:10:59', '2021-06-19 00:10:59'),
	(841, 36, 'VALLEHERMOSO', '2021-06-19 00:10:59', '2021-06-19 00:10:59'),
	(842, 36, 'VALENCIA (LUZURRIAGA)', '2021-06-19 00:10:59', '2021-06-19 00:10:59'),
	(843, 36, 'TAYASAN', '2021-06-19 00:10:59', '2021-06-19 00:10:59'),
	(844, 36, 'CITY OF TANJAY', '2021-06-19 00:10:59', '2021-06-19 00:10:59'),
	(845, 36, 'SIBULAN', '2021-06-19 00:10:59', '2021-06-19 00:10:59'),
	(846, 36, 'SIATON', '2021-06-19 00:10:59', '2021-06-19 00:10:59'),
	(847, 36, 'SANTA CATALINA', '2021-06-19 00:10:59', '2021-06-19 00:10:59'),
	(848, 36, 'SAN JOSE', '2021-06-19 00:10:59', '2021-06-19 00:10:59'),
	(849, 36, 'PAMPLONA', '2021-06-19 00:10:59', '2021-06-19 00:10:59'),
	(850, 36, 'MANJUYOD', '2021-06-19 00:10:59', '2021-06-19 00:10:59'),
	(851, 36, 'MABINAY', '2021-06-19 00:10:59', '2021-06-19 00:10:59'),
	(852, 36, 'AMLAN (AYUQUITAN)', '2021-06-19 00:10:59', '2021-06-19 00:10:59'),
	(853, 36, 'JIMALALUD', '2021-06-19 00:10:59', '2021-06-19 00:10:59'),
	(854, 36, 'CITY OF GUIHULNGAN', '2021-06-19 00:10:59', '2021-06-19 00:10:59'),
	(855, 36, 'DUMAGUETE CITY', '2021-06-19 00:10:59', '2021-06-19 00:10:59'),
	(856, 36, 'DAUIN', '2021-06-19 00:10:59', '2021-06-19 00:10:59'),
	(857, 36, 'CANLAON CITY', '2021-06-19 00:10:59', '2021-06-19 00:10:59'),
	(858, 36, 'BINDOY (PAYABON)', '2021-06-19 00:10:59', '2021-06-19 00:10:59'),
	(859, 36, 'CITY OF BAYAWAN (TULONG)', '2021-06-19 00:11:00', '2021-06-19 00:11:00'),
	(860, 36, 'BASAY', '2021-06-19 00:11:00', '2021-06-19 00:11:00'),
	(861, 36, 'BAIS CITY', '2021-06-19 00:11:00', '2021-06-19 00:11:00'),
	(862, 36, 'BACONG', '2021-06-19 00:11:00', '2021-06-19 00:11:00'),
	(863, 36, 'AYUNGON', '2021-06-19 00:11:00', '2021-06-19 00:11:00'),
	(864, 37, 'ENRIQUE VILLANUEVA', '2021-06-19 00:12:51', '2021-06-19 00:12:51'),
	(865, 37, 'LARENA', '2021-06-19 00:12:51', '2021-06-19 00:12:51'),
	(866, 37, 'LAZI', '2021-06-19 00:12:51', '2021-06-19 00:12:51'),
	(867, 37, 'MARIA', '2021-06-19 00:12:51', '2021-06-19 00:12:51'),
	(868, 37, 'SAN JUAN', '2021-06-19 00:12:51', '2021-06-19 00:12:51'),
	(869, 37, 'SIQUIJOR', '2021-06-19 00:12:51', '2021-06-19 00:12:51'),
	(870, 38, 'LAWAAN', '2021-06-19 00:15:15', '2021-06-19 00:15:15'),
	(871, 38, 'TAFT', '2021-06-19 00:15:15', '2021-06-19 00:15:15'),
	(872, 38, 'SULAT', '2021-06-19 00:15:15', '2021-06-19 00:15:15'),
	(873, 38, 'SAN POLICARPO', '2021-06-19 00:15:15', '2021-06-19 00:15:15'),
	(874, 38, 'SAN JULIAN', '2021-06-19 00:15:15', '2021-06-19 00:15:15'),
	(875, 38, 'SALCEDO', '2021-06-19 00:15:15', '2021-06-19 00:15:15'),
	(876, 38, 'QUINAPONDAN', '2021-06-19 00:15:15', '2021-06-19 00:15:15'),
	(877, 38, 'ORAS', '2021-06-19 00:15:15', '2021-06-19 00:15:15'),
	(878, 38, 'MERCEDES', '2021-06-19 00:15:15', '2021-06-19 00:15:15'),
	(879, 38, 'MAYDOLONG', '2021-06-19 00:15:15', '2021-06-19 00:15:15'),
	(880, 38, 'MASLOG', '2021-06-19 00:15:15', '2021-06-19 00:15:15'),
	(881, 38, 'LLORENTE', '2021-06-19 00:15:15', '2021-06-19 00:15:15'),
	(882, 38, 'ARTECHE', '2021-06-19 00:15:15', '2021-06-19 00:15:15'),
	(883, 38, 'JIPAPAD', '2021-06-19 00:15:15', '2021-06-19 00:15:15'),
	(884, 38, 'HERNANI', '2021-06-19 00:15:15', '2021-06-19 00:15:15'),
	(885, 38, 'GUIUAN', '2021-06-19 00:15:15', '2021-06-19 00:15:15'),
	(886, 38, 'GIPORLOS', '2021-06-19 00:15:15', '2021-06-19 00:15:15'),
	(887, 38, 'GENERAL MACARTHUR', '2021-06-19 00:15:15', '2021-06-19 00:15:15'),
	(888, 38, 'DOLORES', '2021-06-19 00:15:15', '2021-06-19 00:15:15'),
	(889, 38, 'CAN-AVID', '2021-06-19 00:15:15', '2021-06-19 00:15:15'),
	(890, 38, 'CITY OF BORONGAN', '2021-06-19 00:15:15', '2021-06-19 00:15:15'),
	(891, 38, 'BALANGKAYAN', '2021-06-19 00:15:15', '2021-06-19 00:15:15'),
	(892, 38, 'BALANGIGA', '2021-06-19 00:15:15', '2021-06-19 00:15:15'),
	(893, 39, 'PASTRANA', '2021-06-19 00:18:20', '2021-06-19 00:18:20'),
	(894, 39, 'LEYTE', '2021-06-19 00:18:20', '2021-06-19 00:18:20'),
	(895, 39, 'MACARTHUR', '2021-06-19 00:18:20', '2021-06-19 00:18:20'),
	(896, 39, 'MAHAPLAG', '2021-06-19 00:18:20', '2021-06-19 00:18:20'),
	(897, 39, 'MATAG-OB', '2021-06-19 00:18:20', '2021-06-19 00:18:20'),
	(898, 39, 'MATALOM', '2021-06-19 00:18:20', '2021-06-19 00:18:20'),
	(899, 39, 'MAYORGA', '2021-06-19 00:18:20', '2021-06-19 00:18:20'),
	(900, 39, 'MERIDA', '2021-06-19 00:18:20', '2021-06-19 00:18:20'),
	(901, 39, 'ORMOC CITY', '2021-06-19 00:18:20', '2021-06-19 00:18:20'),
	(902, 39, 'PALO', '2021-06-19 00:18:20', '2021-06-19 00:18:20'),
	(903, 39, 'PALOMPON', '2021-06-19 00:18:21', '2021-06-19 00:18:21'),
	(904, 39, 'LA PAZ', '2021-06-19 00:18:21', '2021-06-19 00:18:21'),
	(905, 39, 'SAN ISIDRO', '2021-06-19 00:18:21', '2021-06-19 00:18:21'),
	(906, 39, 'SAN MIGUEL', '2021-06-19 00:18:21', '2021-06-19 00:18:21'),
	(907, 39, 'SANTA FE', '2021-06-19 00:18:21', '2021-06-19 00:18:21'),
	(908, 39, 'TABANGO', '2021-06-19 00:18:21', '2021-06-19 00:18:21'),
	(909, 39, 'TABONTABON', '2021-06-19 00:18:21', '2021-06-19 00:18:21'),
	(910, 39, 'TACLOBAN CITY', '2021-06-19 00:18:21', '2021-06-19 00:18:21'),
	(911, 39, 'TANAUAN', '2021-06-19 00:18:21', '2021-06-19 00:18:21'),
	(912, 39, 'TOLOSA', '2021-06-19 00:18:21', '2021-06-19 00:18:21'),
	(913, 39, 'TUNGA', '2021-06-19 00:18:21', '2021-06-19 00:18:21'),
	(914, 39, 'VILLABA', '2021-06-19 00:18:21', '2021-06-19 00:18:21'),
	(915, 39, 'DAGAMI', '2021-06-19 00:18:21', '2021-06-19 00:18:21'),
	(916, 39, 'ALANGALANG', '2021-06-19 00:18:21', '2021-06-19 00:18:21'),
	(917, 39, 'ALBUERA', '2021-06-19 00:18:21', '2021-06-19 00:18:21'),
	(918, 39, 'BABATNGON', '2021-06-19 00:18:21', '2021-06-19 00:18:21'),
	(919, 39, 'BARUGO', '2021-06-19 00:18:21', '2021-06-19 00:18:21'),
	(920, 39, 'BATO', '2021-06-19 00:18:21', '2021-06-19 00:18:21'),
	(921, 39, 'CITY OF BAYBAY', '2021-06-19 00:18:21', '2021-06-19 00:18:21'),
	(922, 39, 'BURAUEN', '2021-06-19 00:18:22', '2021-06-19 00:18:22'),
	(923, 39, 'CALUBIAN', '2021-06-19 00:18:22', '2021-06-19 00:18:22'),
	(924, 39, 'CAPOOCAN', '2021-06-19 00:18:22', '2021-06-19 00:18:22'),
	(925, 39, 'CARIGARA', '2021-06-19 00:18:22', '2021-06-19 00:18:22'),
	(926, 39, 'ABUYOG', '2021-06-19 00:18:22', '2021-06-19 00:18:22'),
	(927, 39, 'DULAG', '2021-06-19 00:18:22', '2021-06-19 00:18:22'),
	(928, 39, 'HILONGOS', '2021-06-19 00:18:22', '2021-06-19 00:18:22'),
	(929, 39, 'HINDANG', '2021-06-19 00:18:22', '2021-06-19 00:18:22'),
	(930, 39, 'INOPACAN', '2021-06-19 00:18:22', '2021-06-19 00:18:22'),
	(931, 39, 'ISABEL', '2021-06-19 00:18:22', '2021-06-19 00:18:22'),
	(932, 39, 'JARO', '2021-06-19 00:18:22', '2021-06-19 00:18:22'),
	(933, 39, 'JAVIER (BUGHO)', '2021-06-19 00:18:22', '2021-06-19 00:18:22'),
	(934, 39, 'JULITA', '2021-06-19 00:18:22', '2021-06-19 00:18:22'),
	(935, 39, 'KANANGA', '2021-06-19 00:18:23', '2021-06-19 00:18:23'),
	(936, 40, 'MONDRAGON', '2021-06-19 00:21:08', '2021-06-19 00:21:08'),
	(937, 40, 'LOPE DE VEGA', '2021-06-19 00:21:08', '2021-06-19 00:21:08'),
	(938, 40, 'VICTORIA', '2021-06-19 00:21:08', '2021-06-19 00:21:08'),
	(939, 40, 'SILVINO LOBOS', '2021-06-19 00:21:08', '2021-06-19 00:21:08'),
	(940, 40, 'SAN VICENTE', '2021-06-19 00:21:08', '2021-06-19 00:21:08'),
	(941, 40, 'SAN ROQUE', '2021-06-19 00:21:08', '2021-06-19 00:21:08'),
	(942, 40, 'SAN JOSE', '2021-06-19 00:21:08', '2021-06-19 00:21:08'),
	(943, 40, 'SAN ISIDRO', '2021-06-19 00:21:08', '2021-06-19 00:21:08'),
	(944, 40, 'SAN ANTONIO', '2021-06-19 00:21:08', '2021-06-19 00:21:08'),
	(945, 40, 'ROSARIO', '2021-06-19 00:21:08', '2021-06-19 00:21:08'),
	(946, 40, 'PAMBUJAN', '2021-06-19 00:21:08', '2021-06-19 00:21:08'),
	(947, 40, 'PALAPAG', '2021-06-19 00:21:08', '2021-06-19 00:21:08'),
	(948, 40, 'ALLEN', '2021-06-19 00:21:08', '2021-06-19 00:21:08'),
	(949, 40, 'MAPANAS', '2021-06-19 00:21:08', '2021-06-19 00:21:08'),
	(950, 40, 'LAVEZARES', '2021-06-19 00:21:08', '2021-06-19 00:21:08'),
	(951, 40, 'LAS NAVAS', '2021-06-19 00:21:08', '2021-06-19 00:21:08'),
	(952, 40, 'LAPINIG', '2021-06-19 00:21:08', '2021-06-19 00:21:08'),
	(953, 40, 'LAOANG', '2021-06-19 00:21:08', '2021-06-19 00:21:08'),
	(954, 40, 'GAMAY', '2021-06-19 00:21:08', '2021-06-19 00:21:08'),
	(955, 40, 'CATUBIG', '2021-06-19 00:21:08', '2021-06-19 00:21:08'),
	(956, 40, 'CATARMAN', '2021-06-19 00:21:08', '2021-06-19 00:21:08'),
	(957, 40, 'CAPUL', '2021-06-19 00:21:08', '2021-06-19 00:21:08'),
	(958, 40, 'BOBON', '2021-06-19 00:21:08', '2021-06-19 00:21:08'),
	(959, 40, 'BIRI', '2021-06-19 00:21:08', '2021-06-19 00:21:08'),
	(960, 41, 'SAN JOSE DE BUAN', '2021-06-19 03:35:50', '2021-06-19 03:35:50'),
	(961, 41, 'PAGSANGHAN', '2021-06-19 03:35:50', '2021-06-19 03:35:50'),
	(962, 41, 'SAN JORGE', '2021-06-19 03:35:50', '2021-06-19 03:35:50'),
	(963, 41, 'TAGAPUL-AN', '2021-06-19 03:35:50', '2021-06-19 03:35:50'),
	(964, 41, 'ZUMARRAGA', '2021-06-19 03:35:50', '2021-06-19 03:35:50'),
	(965, 41, 'PARANAS (WRIGHT)', '2021-06-19 03:35:50', '2021-06-19 03:35:50'),
	(966, 41, 'VILLAREAL', '2021-06-19 03:35:50', '2021-06-19 03:35:50'),
	(967, 41, 'TARANGNAN', '2021-06-19 03:35:50', '2021-06-19 03:35:50'),
	(968, 41, 'TALALORA', '2021-06-19 03:35:50', '2021-06-19 03:35:50'),
	(969, 41, 'SANTO NIÑO', '2021-06-19 03:35:50', '2021-06-19 03:35:50'),
	(970, 41, 'SANTA RITA', '2021-06-19 03:35:51', '2021-06-19 03:35:51'),
	(971, 41, 'SANTA MARGARITA', '2021-06-19 03:35:51', '2021-06-19 03:35:51'),
	(972, 41, 'SAN SEBASTIAN', '2021-06-19 03:35:51', '2021-06-19 03:35:51'),
	(973, 41, 'ALMAGRO', '2021-06-19 03:35:51', '2021-06-19 03:35:51'),
	(974, 41, 'PINABACDAO', '2021-06-19 03:35:51', '2021-06-19 03:35:51'),
	(975, 41, 'MOTIONG', '2021-06-19 03:35:51', '2021-06-19 03:35:51'),
	(976, 41, 'MATUGUINAO', '2021-06-19 03:35:51', '2021-06-19 03:35:51'),
	(977, 41, 'MARABUT', '2021-06-19 03:35:51', '2021-06-19 03:35:51'),
	(978, 41, 'JIABONG', '2021-06-19 03:35:51', '2021-06-19 03:35:51'),
	(979, 41, 'HINABANGAN', '2021-06-19 03:35:51', '2021-06-19 03:35:51'),
	(980, 41, 'GANDARA', '2021-06-19 03:35:51', '2021-06-19 03:35:51'),
	(981, 41, 'DARAM', '2021-06-19 03:35:51', '2021-06-19 03:35:51'),
	(982, 41, 'CITY OF CATBALOGAN', '2021-06-19 03:35:51', '2021-06-19 03:35:51'),
	(983, 41, 'CALBIGA', '2021-06-19 03:35:51', '2021-06-19 03:35:51'),
	(984, 41, 'CALBAYOG CITY', '2021-06-19 03:35:51', '2021-06-19 03:35:51'),
	(985, 41, 'BASEY', '2021-06-19 03:35:51', '2021-06-19 03:35:51'),
	(986, 42, 'PADRE BURGOS', '2021-06-19 03:37:33', '2021-06-19 03:37:33'),
	(987, 42, 'LIMASAWA', '2021-06-19 03:37:33', '2021-06-19 03:37:33'),
	(988, 42, 'TOMAS OPPUS', '2021-06-19 03:37:33', '2021-06-19 03:37:33'),
	(989, 42, 'SOGOD', '2021-06-19 03:37:33', '2021-06-19 03:37:33'),
	(990, 42, 'SILAGO', '2021-06-19 03:37:33', '2021-06-19 03:37:33'),
	(991, 42, 'SAN RICARDO', '2021-06-19 03:37:33', '2021-06-19 03:37:33'),
	(992, 42, 'SAN JUAN (CABALIAN)', '2021-06-19 03:37:33', '2021-06-19 03:37:33'),
	(993, 42, 'SAN FRANCISCO', '2021-06-19 03:37:33', '2021-06-19 03:37:33'),
	(994, 42, 'SAINT BERNARD', '2021-06-19 03:37:33', '2021-06-19 03:37:33'),
	(995, 42, 'PINTUYAN', '2021-06-19 03:37:33', '2021-06-19 03:37:33'),
	(996, 42, 'ANAHAWAN', '2021-06-19 03:37:33', '2021-06-19 03:37:33'),
	(997, 42, 'MALITBOG', '2021-06-19 03:37:33', '2021-06-19 03:37:33'),
	(998, 42, 'MACROHON', '2021-06-19 03:37:33', '2021-06-19 03:37:33'),
	(999, 42, 'CITY OF MAASIN', '2021-06-19 03:37:33', '2021-06-19 03:37:33'),
	(1000, 42, 'LILOAN', '2021-06-19 03:37:33', '2021-06-19 03:37:33'),
	(1001, 42, 'LIBAGON', '2021-06-19 03:37:33', '2021-06-19 03:37:33'),
	(1002, 42, 'HINUNDAYAN', '2021-06-19 03:37:33', '2021-06-19 03:37:33'),
	(1003, 42, 'HINUNANGAN', '2021-06-19 03:37:33', '2021-06-19 03:37:33'),
	(1004, 42, 'BONTOC', '2021-06-19 03:37:34', '2021-06-19 03:37:34'),
	(1005, 43, 'ALMERIA', '2021-06-19 03:39:11', '2021-06-19 03:39:11'),
	(1006, 43, 'BILIRAN', '2021-06-19 03:39:11', '2021-06-19 03:39:11'),
	(1007, 43, 'CABUCGAYAN', '2021-06-19 03:39:11', '2021-06-19 03:39:11'),
	(1008, 43, 'CAIBIRAN', '2021-06-19 03:39:11', '2021-06-19 03:39:11'),
	(1009, 43, 'CULABA', '2021-06-19 03:39:11', '2021-06-19 03:39:11'),
	(1010, 43, 'KAWAYAN', '2021-06-19 03:39:11', '2021-06-19 03:39:11'),
	(1011, 43, 'MARIPIPI', '2021-06-19 03:39:11', '2021-06-19 03:39:11'),
	(1012, 43, 'NAVAL (Capital)', '2021-06-19 03:39:11', '2021-06-19 03:39:11'),
	(1013, 44, 'SERGIO OSMEÑA SR.', '2021-06-19 03:45:33', '2021-06-19 03:45:33'),
	(1014, 44, 'KALAWIT', '2021-06-19 03:45:33', '2021-06-19 03:45:33'),
	(1015, 44, 'BACUNGAN (Leon T. Postigo)', '2021-06-19 03:45:33', '2021-06-19 03:45:33'),
	(1016, 44, 'GODOD', '2021-06-19 03:45:33', '2021-06-19 03:45:33'),
	(1017, 44, 'BALIGUIAN', '2021-06-19 03:45:33', '2021-06-19 03:45:33'),
	(1018, 44, 'GUTALAC', '2021-06-19 03:45:33', '2021-06-19 03:45:33'),
	(1019, 44, 'JOSE DALMAN (PONOT)', '2021-06-19 03:45:33', '2021-06-19 03:45:33'),
	(1020, 44, 'TAMPILISAN', '2021-06-19 03:45:33', '2021-06-19 03:45:33'),
	(1021, 44, 'SIRAWAI', '2021-06-19 03:45:33', '2021-06-19 03:45:33'),
	(1022, 44, 'SIOCON', '2021-06-19 03:45:33', '2021-06-19 03:45:33'),
	(1023, 44, 'SINDANGAN', '2021-06-19 03:45:33', '2021-06-19 03:45:33'),
	(1024, 44, 'SIBUTAD', '2021-06-19 03:45:33', '2021-06-19 03:45:33'),
	(1025, 44, 'SIBUCO', '2021-06-19 03:45:33', '2021-06-19 03:45:33'),
	(1026, 44, 'SIAYAN', '2021-06-19 03:45:33', '2021-06-19 03:45:33'),
	(1027, 44, 'DAPITAN CITY', '2021-06-19 03:45:33', '2021-06-19 03:45:33'),
	(1028, 44, 'SALUG', '2021-06-19 03:45:33', '2021-06-19 03:45:33'),
	(1029, 44, 'RIZAL', '2021-06-19 03:45:33', '2021-06-19 03:45:33'),
	(1030, 44, 'PRES. MANUEL A. ROXAS', '2021-06-19 03:45:33', '2021-06-19 03:45:33'),
	(1031, 44, 'POLANCO', '2021-06-19 03:45:33', '2021-06-19 03:45:33'),
	(1032, 44, 'PIÑAN (NEW PIÑAN)', '2021-06-19 03:45:33', '2021-06-19 03:45:33'),
	(1033, 44, 'MUTIA', '2021-06-19 03:45:33', '2021-06-19 03:45:33'),
	(1034, 44, 'MANUKAN', '2021-06-19 03:45:33', '2021-06-19 03:45:33'),
	(1035, 44, 'LILOY', '2021-06-19 03:45:33', '2021-06-19 03:45:33'),
	(1036, 44, 'LABASON', '2021-06-19 03:45:34', '2021-06-19 03:45:34'),
	(1037, 44, 'LA LIBERTAD', '2021-06-19 03:45:34', '2021-06-19 03:45:34'),
	(1038, 44, 'KATIPUNAN', '2021-06-19 03:45:34', '2021-06-19 03:45:34'),
	(1039, 44, 'DIPOLOG CITY (Capital)', '2021-06-19 03:45:34', '2021-06-19 03:45:34'),
	(1040, 45, 'RAMON MAGSAYSAY (LIARGO)</option>', '2021-06-19 03:47:16', '2021-06-19 03:47:16'),
	(1041, 45, 'TIGBAO</option>', '2021-06-19 03:47:17', '2021-06-19 03:47:17'),
	(1042, 45, 'GUIPOS</option>', '2021-06-19 03:47:17', '2021-06-19 03:47:17'),
	(1043, 45, 'VINCENZO A. SAGUN</option>', '2021-06-19 03:47:17', '2021-06-19 03:47:17'),
	(1044, 45, 'SOMINOT (DON MARIANO MARCOS)</option>', '2021-06-19 03:47:17', '2021-06-19 03:47:17'),
	(1045, 45, 'PITOGO</option>', '2021-06-19 03:47:17', '2021-06-19 03:47:17'),
	(1046, 45, 'JOSEFINA</option>', '2021-06-19 03:47:17', '2021-06-19 03:47:17'),
	(1047, 45, 'LAKEWOOD</option>', '2021-06-19 03:47:17', '2021-06-19 03:47:17'),
	(1048, 45, 'ZAMBOANGA CITY</option>', '2021-06-19 03:47:17', '2021-06-19 03:47:17'),
	(1049, 45, 'TUKURAN</option>', '2021-06-19 03:47:17', '2021-06-19 03:47:17'),
	(1050, 45, 'TAMBULIG</option>', '2021-06-19 03:47:17', '2021-06-19 03:47:17'),
	(1051, 45, 'TABINA</option>', '2021-06-19 03:47:17', '2021-06-19 03:47:17'),
	(1052, 45, 'SAN PABLO</option>', '2021-06-19 03:47:17', '2021-06-19 03:47:17'),
	(1053, 45, 'SAN MIGUEL</option>', '2021-06-19 03:47:17', '2021-06-19 03:47:17'),
	(1054, 45, 'AURORA</option>', '2021-06-19 03:47:17', '2021-06-19 03:47:17'),
	(1055, 45, 'PAGADIAN CITY (Capital)</option>', '2021-06-19 03:47:17', '2021-06-19 03:47:17'),
	(1056, 45, 'MOLAVE</option>', '2021-06-19 03:47:17', '2021-06-19 03:47:17'),
	(1057, 45, 'MIDSALIP</option>', '2021-06-19 03:47:17', '2021-06-19 03:47:17'),
	(1058, 45, 'MARGOSATUBIG</option>', '2021-06-19 03:47:17', '2021-06-19 03:47:17'),
	(1059, 45, 'MAHAYAG</option>', '2021-06-19 03:47:17', '2021-06-19 03:47:17'),
	(1060, 45, 'LAPUYAN</option>', '2021-06-19 03:47:17', '2021-06-19 03:47:17'),
	(1061, 45, 'LABANGAN</option>', '2021-06-19 03:47:17', '2021-06-19 03:47:17'),
	(1062, 45, 'KUMALARANG</option>', '2021-06-19 03:47:17', '2021-06-19 03:47:17'),
	(1063, 45, 'DUMINGAG</option>', '2021-06-19 03:47:17', '2021-06-19 03:47:17'),
	(1064, 45, 'DUMALINAO</option>', '2021-06-19 03:47:17', '2021-06-19 03:47:17'),
	(1065, 45, 'DINAS</option>', '2021-06-19 03:47:17', '2021-06-19 03:47:17'),
	(1066, 45, 'DIMATALING</option>', '2021-06-19 03:47:17', '2021-06-19 03:47:17'),
	(1067, 45, 'BAYOG</option>', '2021-06-19 03:47:17', '2021-06-19 03:47:17'),
	(1068, 46, 'ALICIA', '2021-06-19 03:49:05', '2021-06-19 03:49:05'),
	(1069, 46, 'BUUG', '2021-06-19 03:49:05', '2021-06-19 03:49:05'),
	(1070, 46, 'DIPLAHAN', '2021-06-19 03:49:05', '2021-06-19 03:49:05'),
	(1071, 46, 'IMELDA', '2021-06-19 03:49:05', '2021-06-19 03:49:05'),
	(1072, 46, 'IPIL (Capital)', '2021-06-19 03:49:05', '2021-06-19 03:49:05'),
	(1073, 46, 'KABASALAN', '2021-06-19 03:49:05', '2021-06-19 03:49:05'),
	(1074, 46, 'MABUHAY', '2021-06-19 03:49:05', '2021-06-19 03:49:05'),
	(1075, 46, 'MALANGAS', '2021-06-19 03:49:05', '2021-06-19 03:49:05'),
	(1076, 46, 'NAGA', '2021-06-19 03:49:05', '2021-06-19 03:49:05'),
	(1077, 46, 'OLUTANGA', '2021-06-19 03:49:05', '2021-06-19 03:49:05'),
	(1078, 46, 'PAYAO', '2021-06-19 03:49:05', '2021-06-19 03:49:05'),
	(1079, 46, 'ROSELLER LIM', '2021-06-19 03:49:05', '2021-06-19 03:49:05'),
	(1080, 46, 'SIAY', '2021-06-19 03:49:05', '2021-06-19 03:49:05'),
	(1081, 46, 'TALUSAN', '2021-06-19 03:49:05', '2021-06-19 03:49:05'),
	(1082, 46, 'TITAY', '2021-06-19 03:49:05', '2021-06-19 03:49:05'),
	(1083, 46, 'TUNGAWAN', '2021-06-19 03:49:05', '2021-06-19 03:49:05'),
	(1084, 47, 'CITY OF ISABELA', '2021-06-19 03:49:53', '2021-06-19 03:49:53'),
	(1085, 48, 'CITY OF MALAYBALAY (Capital)', '2021-06-19 03:51:02', '2021-06-19 03:51:02'),
	(1086, 48, 'CABANGLASAN', '2021-06-19 03:51:02', '2021-06-19 03:51:02'),
	(1087, 48, 'CITY OF VALENCIA', '2021-06-19 03:51:02', '2021-06-19 03:51:02'),
	(1088, 48, 'TALAKAG', '2021-06-19 03:51:02', '2021-06-19 03:51:02'),
	(1089, 48, 'SUMILAO', '2021-06-19 03:51:02', '2021-06-19 03:51:02'),
	(1090, 48, 'SAN FERNANDO', '2021-06-19 03:51:02', '2021-06-19 03:51:02'),
	(1091, 48, 'QUEZON', '2021-06-19 03:51:02', '2021-06-19 03:51:02'),
	(1092, 48, 'PANGANTUCAN', '2021-06-19 03:51:02', '2021-06-19 03:51:02'),
	(1093, 48, 'MARAMAG', '2021-06-19 03:51:02', '2021-06-19 03:51:02'),
	(1094, 48, 'MANOLO FORTICH', '2021-06-19 03:51:02', '2021-06-19 03:51:02'),
	(1095, 48, 'MALITBOG', '2021-06-19 03:51:02', '2021-06-19 03:51:02'),
	(1096, 48, 'BAUNGON', '2021-06-19 03:51:02', '2021-06-19 03:51:02'),
	(1097, 48, 'LIBONA', '2021-06-19 03:51:02', '2021-06-19 03:51:02'),
	(1098, 48, 'LANTAPAN', '2021-06-19 03:51:02', '2021-06-19 03:51:02'),
	(1099, 48, 'KITAOTAO', '2021-06-19 03:51:02', '2021-06-19 03:51:02'),
	(1100, 48, 'KIBAWE', '2021-06-19 03:51:02', '2021-06-19 03:51:02'),
	(1101, 48, 'KALILANGAN', '2021-06-19 03:51:02', '2021-06-19 03:51:02'),
	(1102, 48, 'KADINGILAN', '2021-06-19 03:51:02', '2021-06-19 03:51:02'),
	(1103, 48, 'IMPASUG-ONG', '2021-06-19 03:51:02', '2021-06-19 03:51:02'),
	(1104, 48, 'DON CARLOS', '2021-06-19 03:51:02', '2021-06-19 03:51:02'),
	(1105, 48, 'DANGCAGAN', '2021-06-19 03:51:02', '2021-06-19 03:51:02'),
	(1106, 48, 'DAMULOG', '2021-06-19 03:51:02', '2021-06-19 03:51:02'),
	(1107, 49, 'CATARMAN', '2021-06-19 03:54:13', '2021-06-19 03:54:13'),
	(1108, 49, 'GUINSILIBAN', '2021-06-19 03:54:13', '2021-06-19 03:54:13'),
	(1109, 49, 'MAHINOG', '2021-06-19 03:54:13', '2021-06-19 03:54:13'),
	(1110, 49, 'MAMBAJAO (Capital)', '2021-06-19 03:54:13', '2021-06-19 03:54:13'),
	(1111, 49, 'SAGAY', '2021-06-19 03:54:13', '2021-06-19 03:54:13'),
	(1112, 50, 'MAIGO', '2021-06-19 03:56:25', '2021-06-19 03:56:25'),
	(1113, 50, 'PANTAR', '2021-06-19 03:56:25', '2021-06-19 03:56:25'),
	(1114, 50, 'TUBOD (Capital)', '2021-06-19 03:56:25', '2021-06-19 03:56:25'),
	(1115, 50, 'TANGCAL', '2021-06-19 03:56:25', '2021-06-19 03:56:25'),
	(1116, 50, 'TAGOLOAN', '2021-06-19 03:56:25', '2021-06-19 03:56:25'),
	(1117, 50, 'SAPAD', '2021-06-19 03:56:25', '2021-06-19 03:56:25'),
	(1118, 50, 'SALVADOR', '2021-06-19 03:56:25', '2021-06-19 03:56:25'),
	(1119, 50, 'POONA PIAGAPO', '2021-06-19 03:56:25', '2021-06-19 03:56:25'),
	(1120, 50, 'PANTAO RAGAT', '2021-06-19 03:56:25', '2021-06-19 03:56:25'),
	(1121, 50, 'NUNUNGAN', '2021-06-19 03:56:25', '2021-06-19 03:56:25'),
	(1122, 50, 'MUNAI', '2021-06-19 03:56:25', '2021-06-19 03:56:25'),
	(1123, 50, 'MATUNGAO', '2021-06-19 03:56:25', '2021-06-19 03:56:25'),
	(1124, 50, 'BACOLOD', '2021-06-19 03:56:25', '2021-06-19 03:56:25'),
	(1125, 50, 'MAGSAYSAY', '2021-06-19 03:56:25', '2021-06-19 03:56:25'),
	(1126, 50, 'LINAMON', '2021-06-19 03:56:25', '2021-06-19 03:56:25'),
	(1127, 50, 'LALA', '2021-06-19 03:56:25', '2021-06-19 03:56:25'),
	(1128, 50, 'KOLAMBUGAN', '2021-06-19 03:56:25', '2021-06-19 03:56:25'),
	(1129, 50, 'KAUSWAGAN', '2021-06-19 03:56:25', '2021-06-19 03:56:25'),
	(1130, 50, 'SULTAN NAGA DIMAPORO (KAROMATAN)', '2021-06-19 03:56:25', '2021-06-19 03:56:25'),
	(1131, 50, 'KAPATAGAN', '2021-06-19 03:56:25', '2021-06-19 03:56:25'),
	(1132, 50, 'ILIGAN CITY', '2021-06-19 03:56:25', '2021-06-19 03:56:25'),
	(1133, 50, 'BAROY', '2021-06-19 03:56:25', '2021-06-19 03:56:25'),
	(1134, 50, 'BALOI', '2021-06-19 03:56:25', '2021-06-19 03:56:25'),
	(1135, 51, 'OROQUIETA CITY (Capital)', '2021-06-19 04:07:26', '2021-06-19 04:07:26'),
	(1136, 51, 'DON VICTORIANO CHIONGBIAN  (DON MARIANO MARCOS)', '2021-06-19 04:07:26', '2021-06-19 04:07:26'),
	(1137, 51, 'TUDELA', '2021-06-19 04:07:26', '2021-06-19 04:07:26'),
	(1138, 51, 'TANGUB CITY', '2021-06-19 04:07:26', '2021-06-19 04:07:26'),
	(1139, 51, 'SINACABAN', '2021-06-19 04:07:26', '2021-06-19 04:07:26'),
	(1140, 51, 'SAPANG DALAGA', '2021-06-19 04:07:26', '2021-06-19 04:07:26'),
	(1141, 51, 'PLARIDEL', '2021-06-19 04:07:26', '2021-06-19 04:07:26'),
	(1142, 51, 'PANAON', '2021-06-19 04:07:26', '2021-06-19 04:07:26'),
	(1143, 51, 'OZAMIS CITY', '2021-06-19 04:07:26', '2021-06-19 04:07:26'),
	(1144, 51, 'ALORAN', '2021-06-19 04:07:26', '2021-06-19 04:07:26'),
	(1145, 51, 'LOPEZ JAENA', '2021-06-19 04:07:26', '2021-06-19 04:07:26'),
	(1146, 51, 'JIMENEZ', '2021-06-19 04:07:26', '2021-06-19 04:07:26'),
	(1147, 51, 'CONCEPCION', '2021-06-19 04:07:26', '2021-06-19 04:07:26'),
	(1148, 51, 'CLARIN', '2021-06-19 04:07:26', '2021-06-19 04:07:26'),
	(1149, 51, 'CALAMBA', '2021-06-19 04:07:26', '2021-06-19 04:07:26'),
	(1150, 51, 'BONIFACIO', '2021-06-19 04:07:27', '2021-06-19 04:07:27'),
	(1151, 51, 'BALIANGAO', '2021-06-19 04:07:27', '2021-06-19 04:07:27'),
	(1152, 52, 'LAGUINDINGAN', '2021-06-19 04:08:47', '2021-06-19 04:08:47'),
	(1153, 52, 'VILLANUEVA', '2021-06-19 04:08:47', '2021-06-19 04:08:47'),
	(1154, 52, 'TALISAYAN', '2021-06-19 04:08:47', '2021-06-19 04:08:47'),
	(1155, 52, 'TAGOLOAN', '2021-06-19 04:08:47', '2021-06-19 04:08:47'),
	(1156, 52, 'SUGBONGCOGON', '2021-06-19 04:08:47', '2021-06-19 04:08:47'),
	(1157, 52, 'SALAY', '2021-06-19 04:08:47', '2021-06-19 04:08:47'),
	(1158, 52, 'OPOL', '2021-06-19 04:08:47', '2021-06-19 04:08:47'),
	(1159, 52, 'NAAWAN', '2021-06-19 04:08:47', '2021-06-19 04:08:47'),
	(1160, 52, 'MEDINA', '2021-06-19 04:08:47', '2021-06-19 04:08:47'),
	(1161, 52, 'MANTICAO', '2021-06-19 04:08:47', '2021-06-19 04:08:47'),
	(1162, 52, 'MAGSAYSAY (LINUGOS)', '2021-06-19 04:08:47', '2021-06-19 04:08:47'),
	(1163, 52, 'LUGAIT', '2021-06-19 04:08:47', '2021-06-19 04:08:47'),
	(1164, 52, 'LIBERTAD', '2021-06-19 04:08:47', '2021-06-19 04:08:47'),
	(1165, 52, 'ALUBIJID', '2021-06-19 04:08:47', '2021-06-19 04:08:47'),
	(1166, 52, 'LAGONGLONG', '2021-06-19 04:08:47', '2021-06-19 04:08:47'),
	(1167, 52, 'KINOGUITAN', '2021-06-19 04:08:47', '2021-06-19 04:08:47'),
	(1168, 52, 'JASAAN', '2021-06-19 04:08:47', '2021-06-19 04:08:47'),
	(1169, 52, 'INITAO', '2021-06-19 04:08:47', '2021-06-19 04:08:47'),
	(1170, 52, 'GITAGUM', '2021-06-19 04:08:47', '2021-06-19 04:08:47'),
	(1171, 52, 'GINGOOG CITY', '2021-06-19 04:08:47', '2021-06-19 04:08:47'),
	(1172, 52, 'CITY OF EL SALVADOR', '2021-06-19 04:08:47', '2021-06-19 04:08:47'),
	(1173, 52, 'CLAVERIA', '2021-06-19 04:08:47', '2021-06-19 04:08:47'),
	(1174, 52, 'CAGAYAN DE ORO CITY (Capital)', '2021-06-19 04:08:47', '2021-06-19 04:08:47'),
	(1175, 52, 'BINUANGAN', '2021-06-19 04:08:47', '2021-06-19 04:08:47'),
	(1176, 52, 'BALINGOAN', '2021-06-19 04:08:47', '2021-06-19 04:08:47'),
	(1177, 52, 'BALINGASAG', '2021-06-19 04:08:47', '2021-06-19 04:08:47'),
	(1178, 53, 'ASUNCION (SAUG)', '2021-06-19 04:11:11', '2021-06-19 04:11:11'),
	(1179, 53, 'CARMEN', '2021-06-19 04:11:11', '2021-06-19 04:11:11'),
	(1180, 53, 'KAPALONG', '2021-06-19 04:11:11', '2021-06-19 04:11:11'),
	(1181, 53, 'NEW CORELLA', '2021-06-19 04:11:11', '2021-06-19 04:11:11'),
	(1182, 53, 'CITY OF PANABO', '2021-06-19 04:11:11', '2021-06-19 04:11:11'),
	(1183, 53, 'ISLAND GARDEN CITY OF SAMAL', '2021-06-19 04:11:11', '2021-06-19 04:11:11'),
	(1184, 53, 'SANTO TOMAS', '2021-06-19 04:11:11', '2021-06-19 04:11:11'),
	(1185, 53, 'CITY OF TAGUM (Capital)', '2021-06-19 04:11:11', '2021-06-19 04:11:11'),
	(1186, 53, 'TALAINGOD', '2021-06-19 04:11:11', '2021-06-19 04:11:11'),
	(1187, 53, 'BRAULIO E. DUJALI', '2021-06-19 04:11:11', '2021-06-19 04:11:11'),
	(1188, 53, 'SAN ISIDRO', '2021-06-19 04:11:11', '2021-06-19 04:11:11'),
	(1189, 54, 'BANSALAN', '2021-06-19 04:12:44', '2021-06-19 04:12:44'),
	(1190, 54, 'DAVAO CITY', '2021-06-19 04:12:44', '2021-06-19 04:12:44'),
	(1191, 54, 'CITY OF DIGOS', '2021-06-19 04:12:44', '2021-06-19 04:12:44'),
	(1192, 54, 'HAGONOY', '2021-06-19 04:12:44', '2021-06-19 04:12:44'),
	(1193, 54, 'KIBLAWAN', '2021-06-19 04:12:44', '2021-06-19 04:12:44'),
	(1194, 54, 'MAGSAYSAY', '2021-06-19 04:12:44', '2021-06-19 04:12:44'),
	(1195, 54, 'MALALAG', '2021-06-19 04:12:44', '2021-06-19 04:12:44'),
	(1196, 54, 'MATANAO', '2021-06-19 04:12:44', '2021-06-19 04:12:44'),
	(1197, 54, 'PADADA', '2021-06-19 04:12:44', '2021-06-19 04:12:44'),
	(1198, 54, 'SANTA CRUZ', '2021-06-19 04:12:44', '2021-06-19 04:12:44'),
	(1199, 54, 'SULOP', '2021-06-19 04:12:45', '2021-06-19 04:12:45'),
	(1200, 55, 'BAGANGA', '2021-06-19 04:15:04', '2021-06-19 04:15:04'),
	(1201, 55, 'BANAYBANAY', '2021-06-19 04:15:04', '2021-06-19 04:15:04'),
	(1202, 55, 'BOSTON', '2021-06-19 04:15:04', '2021-06-19 04:15:04'),
	(1203, 55, 'CARAGA', '2021-06-19 04:15:04', '2021-06-19 04:15:04'),
	(1204, 55, 'CATEEL', '2021-06-19 04:15:05', '2021-06-19 04:15:05'),
	(1205, 55, 'GOVERNOR GENEROSO', '2021-06-19 04:15:05', '2021-06-19 04:15:05'),
	(1206, 55, 'LUPON', '2021-06-19 04:15:05', '2021-06-19 04:15:05'),
	(1207, 55, 'MANAY', '2021-06-19 04:15:05', '2021-06-19 04:15:05'),
	(1208, 55, 'CITY OF MATI (Capital)', '2021-06-19 04:15:05', '2021-06-19 04:15:05'),
	(1209, 55, 'SAN ISIDRO', '2021-06-19 04:15:05', '2021-06-19 04:15:05'),
	(1210, 55, 'TARRAGONA', '2021-06-19 04:15:05', '2021-06-19 04:15:05'),
	(1211, 56, 'COMPOSTELA', '2021-06-19 04:16:42', '2021-06-19 04:16:42'),
	(1212, 56, 'LAAK (SAN VICENTE)', '2021-06-19 04:16:42', '2021-06-19 04:16:42'),
	(1213, 56, 'MABINI (DOÑA ALICIA)', '2021-06-19 04:16:42', '2021-06-19 04:16:42'),
	(1214, 56, 'MACO', '2021-06-19 04:16:42', '2021-06-19 04:16:42'),
	(1215, 56, 'MARAGUSAN (SAN MARIANO)', '2021-06-19 04:16:42', '2021-06-19 04:16:42'),
	(1216, 56, 'MAWAB', '2021-06-19 04:16:42', '2021-06-19 04:16:42'),
	(1217, 56, 'MONKAYO', '2021-06-19 04:16:42', '2021-06-19 04:16:42'),
	(1218, 56, 'MONTEVISTA', '2021-06-19 04:16:42', '2021-06-19 04:16:42'),
	(1219, 56, 'NABUNTURAN (Capital)', '2021-06-19 04:16:42', '2021-06-19 04:16:42'),
	(1220, 56, 'NEW BATAAN', '2021-06-19 04:16:42', '2021-06-19 04:16:42'),
	(1221, 56, 'PANTUKAN', '2021-06-19 04:16:42', '2021-06-19 04:16:42'),
	(1222, 57, 'DON MARCELINO', '2021-06-19 04:18:35', '2021-06-19 04:18:35'),
	(1223, 57, 'JOSE ABAD SANTOS (TRINIDAD)', '2021-06-19 04:18:35', '2021-06-19 04:18:35'),
	(1224, 57, 'MALITA', '2021-06-19 04:18:35', '2021-06-19 04:18:35'),
	(1225, 57, 'SANTA MARIA', '2021-06-19 04:18:35', '2021-06-19 04:18:35'),
	(1226, 57, 'SARANGANI', '2021-06-19 04:18:35', '2021-06-19 04:18:35'),
	(1227, 58, 'BANGA', '2021-06-19 04:23:11', '2021-06-19 04:23:11'),
	(1228, 58, 'GENERAL SANTOS CITY (DADIANGAS)', '2021-06-19 04:23:11', '2021-06-19 04:23:11'),
	(1229, 58, 'CITY OF KORONADAL (Capital)', '2021-06-19 04:23:11', '2021-06-19 04:23:11'),
	(1230, 58, 'NORALA', '2021-06-19 04:23:11', '2021-06-19 04:23:11'),
	(1231, 58, 'POLOMOLOK', '2021-06-19 04:23:11', '2021-06-19 04:23:11'),
	(1232, 58, 'SURALLAH', '2021-06-19 04:23:11', '2021-06-19 04:23:11'),
	(1233, 58, 'TAMPAKAN', '2021-06-19 04:23:11', '2021-06-19 04:23:11'),
	(1234, 58, 'TANTANGAN', '2021-06-19 04:23:11', '2021-06-19 04:23:11'),
	(1235, 58, 'T BOLI', '2021-06-19 04:23:11', '2021-06-19 04:23:11'),
	(1236, 58, 'TUPI', '2021-06-19 04:23:11', '2021-06-19 04:23:11'),
	(1237, 58, 'SANTO NIÑO', '2021-06-19 04:23:11', '2021-06-19 04:23:11'),
	(1238, 58, 'LAKE SEBU', '2021-06-19 04:23:11', '2021-06-19 04:23:11'),
	(1239, 59, 'BANGA', '2021-06-19 04:41:25', '2021-06-19 04:41:25'),
	(1240, 59, 'GENERAL SANTOS CITY (DADIANGAS)', '2021-06-19 04:41:25', '2021-06-19 04:41:25'),
	(1241, 59, 'CITY OF KORONADAL (Capital)', '2021-06-19 04:41:25', '2021-06-19 04:41:25'),
	(1242, 59, 'NORALA', '2021-06-19 04:41:25', '2021-06-19 04:41:25'),
	(1243, 59, 'POLOMOLOK', '2021-06-19 04:41:25', '2021-06-19 04:41:25'),
	(1244, 59, 'SURALLAH', '2021-06-19 04:41:25', '2021-06-19 04:41:25'),
	(1245, 59, 'TAMPAKAN', '2021-06-19 04:41:25', '2021-06-19 04:41:25'),
	(1246, 59, 'TANTANGAN', '2021-06-19 04:41:25', '2021-06-19 04:41:25'),
	(1247, 59, 'T BOLI', '2021-06-19 04:41:25', '2021-06-19 04:41:25'),
	(1248, 59, 'TUPI', '2021-06-19 04:41:25', '2021-06-19 04:41:25'),
	(1249, 59, 'SANTO NIÑO', '2021-06-19 04:41:25', '2021-06-19 04:41:25'),
	(1250, 59, 'LAKE SEBU', '2021-06-19 04:41:25', '2021-06-19 04:41:25'),
	(1251, 60, 'BAGUMBAYAN', '2021-06-19 04:43:11', '2021-06-19 04:43:11'),
	(1252, 60, 'COLUMBIO', '2021-06-19 04:43:11', '2021-06-19 04:43:11'),
	(1253, 60, 'ESPERANZA', '2021-06-19 04:43:12', '2021-06-19 04:43:12'),
	(1254, 60, 'ISULAN (Capital)', '2021-06-19 04:43:12', '2021-06-19 04:43:12'),
	(1255, 60, 'KALAMANSIG', '2021-06-19 04:43:12', '2021-06-19 04:43:12'),
	(1256, 60, 'LEBAK', '2021-06-19 04:43:13', '2021-06-19 04:43:13'),
	(1257, 60, 'LUTAYAN', '2021-06-19 04:43:13', '2021-06-19 04:43:13'),
	(1258, 60, 'LAMBAYONG (MARIANO MARCOS)', '2021-06-19 04:43:13', '2021-06-19 04:43:13'),
	(1259, 60, 'PALIMBANG', '2021-06-19 04:43:13', '2021-06-19 04:43:13'),
	(1260, 60, 'PRESIDENT QUIRINO', '2021-06-19 04:43:13', '2021-06-19 04:43:13'),
	(1261, 60, 'CITY OF TACURONG', '2021-06-19 04:43:13', '2021-06-19 04:43:13'),
	(1262, 60, 'SEN. NINOY AQUINO', '2021-06-19 04:43:13', '2021-06-19 04:43:13'),
	(1263, 61, 'ALABEL (Capital)', '2021-06-19 04:44:31', '2021-06-19 04:44:31'),
	(1264, 61, 'GLAN', '2021-06-19 04:44:31', '2021-06-19 04:44:31'),
	(1265, 61, 'KIAMBA', '2021-06-19 04:44:31', '2021-06-19 04:44:31'),
	(1266, 61, 'MAASIM', '2021-06-19 04:44:31', '2021-06-19 04:44:31'),
	(1267, 61, 'MAITUM', '2021-06-19 04:44:31', '2021-06-19 04:44:31'),
	(1268, 61, 'MALAPATAN', '2021-06-19 04:44:31', '2021-06-19 04:44:31'),
	(1269, 61, 'MALUNGON', '2021-06-19 04:44:31', '2021-06-19 04:44:31'),
	(1270, 62, 'COTABATO CITY', '2021-06-19 04:46:18', '2021-06-19 04:46:18'),
	(1271, 63, 'TONDO I / II', '2021-06-19 04:55:00', '2021-06-19 04:55:00'),
	(1272, 63, 'BINONDO', '2021-06-19 04:55:00', '2021-06-19 04:55:00'),
	(1273, 63, 'QUIAPO', '2021-06-19 04:55:00', '2021-06-19 04:55:00'),
	(1274, 63, 'SAN NICOLAS', '2021-06-19 04:55:00', '2021-06-19 04:55:00'),
	(1275, 63, 'SANTA CRUZ', '2021-06-19 04:55:00', '2021-06-19 04:55:00'),
	(1276, 63, 'SAMPALOC', '2021-06-19 04:55:00', '2021-06-19 04:55:00'),
	(1277, 63, 'SAN MIGUEL', '2021-06-19 04:55:00', '2021-06-19 04:55:00'),
	(1278, 63, 'ERMITA', '2021-06-19 04:55:00', '2021-06-19 04:55:00'),
	(1279, 63, 'INTRAMUROS', '2021-06-19 04:55:00', '2021-06-19 04:55:00'),
	(1280, 63, 'MALATE', '2021-06-19 04:55:00', '2021-06-19 04:55:00'),
	(1281, 63, 'PACO', '2021-06-19 04:55:00', '2021-06-19 04:55:00'),
	(1282, 63, 'PANDACAN', '2021-06-19 04:55:00', '2021-06-19 04:55:00'),
	(1283, 63, 'PORT AREA', '2021-06-19 04:55:00', '2021-06-19 04:55:00'),
	(1284, 63, 'SANTA ANA', '2021-06-19 04:55:00', '2021-06-19 04:55:00'),
	(1285, 64, 'TONDO I / II', '2021-06-19 04:55:28', '2021-06-19 04:55:28'),
	(1286, 64, 'BINONDO', '2021-06-19 04:55:28', '2021-06-19 04:55:28'),
	(1287, 64, 'QUIAPO', '2021-06-19 04:55:28', '2021-06-19 04:55:28'),
	(1288, 64, 'SAN NICOLAS', '2021-06-19 04:55:28', '2021-06-19 04:55:28'),
	(1289, 64, 'SANTA CRUZ', '2021-06-19 04:55:28', '2021-06-19 04:55:28'),
	(1290, 64, 'SAMPALOC', '2021-06-19 04:55:28', '2021-06-19 04:55:28'),
	(1291, 64, 'SAN MIGUEL', '2021-06-19 04:55:28', '2021-06-19 04:55:28'),
	(1292, 64, 'ERMITA', '2021-06-19 04:55:28', '2021-06-19 04:55:28'),
	(1293, 64, 'INTRAMUROS', '2021-06-19 04:55:28', '2021-06-19 04:55:28'),
	(1294, 64, 'MALATE', '2021-06-19 04:55:28', '2021-06-19 04:55:28'),
	(1295, 64, 'PACO', '2021-06-19 04:55:28', '2021-06-19 04:55:28'),
	(1296, 64, 'PANDACAN', '2021-06-19 04:55:28', '2021-06-19 04:55:28'),
	(1297, 64, 'PORT AREA', '2021-06-19 04:55:28', '2021-06-19 04:55:28'),
	(1298, 64, 'SANTA ANA', '2021-06-19 04:55:28', '2021-06-19 04:55:28'),
	(1299, 65, 'CITY OF MANDALUYONG', '2021-06-19 05:05:12', '2021-06-19 05:05:12'),
	(1300, 65, 'CITY OF MARIKINA', '2021-06-19 05:05:12', '2021-06-19 05:05:12'),
	(1301, 65, 'CITY OF PASIG', '2021-06-19 05:05:12', '2021-06-19 05:05:12'),
	(1302, 65, 'QUEZON CITY', '2021-06-19 05:05:12', '2021-06-19 05:05:12'),
	(1303, 65, 'CITY OF SAN JUAN', '2021-06-19 05:05:12', '2021-06-19 05:05:12'),
	(1304, 66, 'CALOOCAN CITY', '2021-06-19 05:06:07', '2021-06-19 05:06:07'),
	(1305, 66, 'CITY OF MALABON', '2021-06-19 05:06:07', '2021-06-19 05:06:07'),
	(1306, 66, 'CITY OF NAVOTAS', '2021-06-19 05:06:07', '2021-06-19 05:06:07'),
	(1307, 66, 'CITY OF VALENZUELA', '2021-06-19 05:06:07', '2021-06-19 05:06:07'),
	(1308, 67, 'CITY OF LAS PIÑAS', '2021-06-19 05:07:05', '2021-06-19 05:07:05'),
	(1309, 67, 'CITY OF MAKATI', '2021-06-19 05:07:05', '2021-06-19 05:07:05'),
	(1310, 67, 'CITY OF MUNTINLUPA', '2021-06-19 05:07:05', '2021-06-19 05:07:05'),
	(1311, 67, 'CITY OF PARAÑAQUE', '2021-06-19 05:07:05', '2021-06-19 05:07:05'),
	(1312, 67, 'PASAY CITY', '2021-06-19 05:07:05', '2021-06-19 05:07:05'),
	(1313, 67, 'PATEROS', '2021-06-19 05:07:05', '2021-06-19 05:07:05'),
	(1314, 67, 'TAGUIG CITY', '2021-06-19 05:07:05', '2021-06-19 05:07:05'),
	(1315, 68, 'LUBA', '2021-06-19 05:12:57', '2021-06-19 05:12:57'),
	(1316, 68, 'VILLAVICIOSA', '2021-06-19 05:12:57', '2021-06-19 05:12:57'),
	(1317, 68, 'TUBO', '2021-06-19 05:12:57', '2021-06-19 05:12:57'),
	(1318, 68, 'TINEG', '2021-06-19 05:12:57', '2021-06-19 05:12:57'),
	(1319, 68, 'TAYUM', '2021-06-19 05:12:57', '2021-06-19 05:12:57'),
	(1320, 68, 'SAN QUINTIN', '2021-06-19 05:12:57', '2021-06-19 05:12:57'),
	(1321, 68, 'SAN JUAN', '2021-06-19 05:12:57', '2021-06-19 05:12:57'),
	(1322, 68, 'SAN ISIDRO', '2021-06-19 05:12:57', '2021-06-19 05:12:57'),
	(1323, 68, 'SALLAPADAN', '2021-06-19 05:12:57', '2021-06-19 05:12:57'),
	(1324, 68, 'PILAR', '2021-06-19 05:12:57', '2021-06-19 05:12:57'),
	(1325, 68, 'PIDIGAN', '2021-06-19 05:12:57', '2021-06-19 05:12:57'),
	(1326, 68, 'PEÑARRUBIA', '2021-06-19 05:12:57', '2021-06-19 05:12:57'),
	(1327, 68, 'MANABO', '2021-06-19 05:12:57', '2021-06-19 05:12:57'),
	(1328, 68, 'MALIBCONG', '2021-06-19 05:12:57', '2021-06-19 05:12:57'),
	(1329, 68, 'BANGUED (Capital)', '2021-06-19 05:12:57', '2021-06-19 05:12:57'),
	(1330, 68, 'LICUAN-BAAY (LICUAN)', '2021-06-19 05:12:57', '2021-06-19 05:12:57'),
	(1331, 68, 'LANGIDEN', '2021-06-19 05:12:57', '2021-06-19 05:12:57'),
	(1332, 68, 'LAGAYAN', '2021-06-19 05:12:57', '2021-06-19 05:12:57'),
	(1333, 68, 'LAGANGILANG', '2021-06-19 05:12:57', '2021-06-19 05:12:57'),
	(1334, 68, 'LACUB', '2021-06-19 05:12:57', '2021-06-19 05:12:57'),
	(1335, 68, 'LA PAZ', '2021-06-19 05:12:57', '2021-06-19 05:12:57'),
	(1336, 68, 'DOLORES', '2021-06-19 05:12:57', '2021-06-19 05:12:57'),
	(1337, 68, 'DANGLAS', '2021-06-19 05:12:57', '2021-06-19 05:12:57'),
	(1338, 68, 'DAGUIOMAN', '2021-06-19 05:12:57', '2021-06-19 05:12:57'),
	(1339, 68, 'BUCLOC', '2021-06-19 05:12:57', '2021-06-19 05:12:57'),
	(1340, 68, 'BUCAY', '2021-06-19 05:12:57', '2021-06-19 05:12:57'),
	(1341, 68, 'BOLINEY', '2021-06-19 05:12:57', '2021-06-19 05:12:57'),
	(1342, 69, 'ATOK', '2021-06-19 05:16:23', '2021-06-19 05:16:23'),
	(1343, 69, 'BAGUIO CITY', '2021-06-19 05:16:23', '2021-06-19 05:16:23'),
	(1344, 69, 'BAKUN', '2021-06-19 05:16:23', '2021-06-19 05:16:23'),
	(1345, 69, 'BOKOD', '2021-06-19 05:16:23', '2021-06-19 05:16:23'),
	(1346, 69, 'BUGUIAS', '2021-06-19 05:16:23', '2021-06-19 05:16:23'),
	(1347, 69, 'ITOGON', '2021-06-19 05:16:23', '2021-06-19 05:16:23'),
	(1348, 69, 'KABAYAN', '2021-06-19 05:16:23', '2021-06-19 05:16:23'),
	(1349, 69, 'KAPANGAN', '2021-06-19 05:16:23', '2021-06-19 05:16:23'),
	(1350, 69, 'KIBUNGAN', '2021-06-19 05:16:23', '2021-06-19 05:16:23'),
	(1351, 69, 'LA TRINIDAD (Capital)', '2021-06-19 05:16:23', '2021-06-19 05:16:23'),
	(1352, 69, 'MANKAYAN', '2021-06-19 05:16:23', '2021-06-19 05:16:23'),
	(1353, 69, 'SABLAN', '2021-06-19 05:16:23', '2021-06-19 05:16:23'),
	(1354, 69, 'TUBA', '2021-06-19 05:16:23', '2021-06-19 05:16:23'),
	(1355, 69, 'TUBLAY', '2021-06-19 05:16:23', '2021-06-19 05:16:23'),
	(1356, 70, 'BANAUE', '2021-06-19 05:23:12', '2021-06-19 05:23:12'),
	(1357, 70, 'HUNGDUAN', '2021-06-19 05:23:12', '2021-06-19 05:23:12'),
	(1358, 70, 'KIANGAN', '2021-06-19 05:23:12', '2021-06-19 05:23:12'),
	(1359, 70, 'LAGAWE (Capital)', '2021-06-19 05:23:12', '2021-06-19 05:23:12'),
	(1360, 70, 'LAMUT', '2021-06-19 05:23:12', '2021-06-19 05:23:12'),
	(1361, 70, 'MAYOYAO', '2021-06-19 05:23:12', '2021-06-19 05:23:12'),
	(1362, 70, 'ALFONSO LISTA (POTIA)', '2021-06-19 05:23:12', '2021-06-19 05:23:12'),
	(1363, 70, 'AGUINALDO', '2021-06-19 05:23:12', '2021-06-19 05:23:12'),
	(1364, 70, 'HINGYON', '2021-06-19 05:23:12', '2021-06-19 05:23:12'),
	(1365, 70, 'TINOC', '2021-06-19 05:23:12', '2021-06-19 05:23:12'),
	(1366, 70, 'ASIPULO', '2021-06-19 05:23:12', '2021-06-19 05:23:12'),
	(1367, 71, 'BALBALAN', '2021-06-19 05:23:53', '2021-06-19 05:23:53'),
	(1368, 71, 'LUBUAGAN', '2021-06-19 05:23:53', '2021-06-19 05:23:53'),
	(1369, 71, 'PASIL', '2021-06-19 05:23:53', '2021-06-19 05:23:53'),
	(1370, 71, 'PINUKPUK', '2021-06-19 05:23:53', '2021-06-19 05:23:53'),
	(1371, 71, 'RIZAL (LIWAN)', '2021-06-19 05:23:53', '2021-06-19 05:23:53'),
	(1372, 71, 'CITY OF TABUK (Capital)', '2021-06-19 05:23:53', '2021-06-19 05:23:53'),
	(1373, 71, 'TANUDAN', '2021-06-19 05:23:53', '2021-06-19 05:23:53'),
	(1374, 71, 'TINGLAYAN', '2021-06-19 05:23:53', '2021-06-19 05:23:53'),
	(1375, 72, 'BARLIG', '2021-06-19 05:25:02', '2021-06-19 05:25:02'),
	(1376, 72, 'BAUKO', '2021-06-19 05:25:03', '2021-06-19 05:25:03'),
	(1377, 72, 'BESAO', '2021-06-19 05:25:03', '2021-06-19 05:25:03'),
	(1378, 72, 'BONTOC (Capital)', '2021-06-19 05:25:03', '2021-06-19 05:25:03'),
	(1379, 72, 'NATONIN', '2021-06-19 05:25:03', '2021-06-19 05:25:03'),
	(1380, 72, 'PARACELIS', '2021-06-19 05:25:03', '2021-06-19 05:25:03'),
	(1381, 72, 'SABANGAN', '2021-06-19 05:25:03', '2021-06-19 05:25:03'),
	(1382, 72, 'SADANGA', '2021-06-19 05:25:03', '2021-06-19 05:25:03'),
	(1383, 72, 'SAGADA', '2021-06-19 05:25:03', '2021-06-19 05:25:03'),
	(1384, 72, 'TADIAN', '2021-06-19 05:25:03', '2021-06-19 05:25:03'),
	(1385, 73, 'CALANASAN (BAYAG)', '2021-06-19 05:27:56', '2021-06-19 05:27:56'),
	(1386, 73, 'CONNER', '2021-06-19 05:27:56', '2021-06-19 05:27:56'),
	(1387, 73, 'FLORA', '2021-06-19 05:27:56', '2021-06-19 05:27:56'),
	(1388, 73, 'KABUGAO (Capital)', '2021-06-19 05:27:56', '2021-06-19 05:27:56'),
	(1389, 73, 'LUNA', '2021-06-19 05:27:56', '2021-06-19 05:27:56'),
	(1390, 73, 'PUDTOL', '2021-06-19 05:27:56', '2021-06-19 05:27:56'),
	(1391, 73, 'SANTA MARCELA', '2021-06-19 05:27:56', '2021-06-19 05:27:56'),
	(1392, 74, 'CITY OF LAMITAN', '2021-06-19 05:31:40', '2021-06-19 05:31:40'),
	(1393, 74, 'LANTAWAN', '2021-06-19 05:31:40', '2021-06-19 05:31:40'),
	(1394, 74, 'MALUSO', '2021-06-19 05:31:40', '2021-06-19 05:31:40'),
	(1395, 74, 'SUMISIP', '2021-06-19 05:31:40', '2021-06-19 05:31:40'),
	(1396, 74, 'TIPO-TIPO', '2021-06-19 05:31:40', '2021-06-19 05:31:40'),
	(1397, 74, 'TUBURAN', '2021-06-19 05:31:40', '2021-06-19 05:31:40'),
	(1398, 74, 'AKBAR', '2021-06-19 05:31:40', '2021-06-19 05:31:40'),
	(1399, 74, 'AL-BARKA', '2021-06-19 05:31:40', '2021-06-19 05:31:40'),
	(1400, 74, 'HADJI MOHAMMAD AJUL', '2021-06-19 05:31:40', '2021-06-19 05:31:40'),
	(1401, 74, 'UNGKAYA PUKAN', '2021-06-19 05:31:40', '2021-06-19 05:31:40'),
	(1402, 74, 'HADJI MUHTAMAD', '2021-06-19 05:31:40', '2021-06-19 05:31:40'),
	(1403, 74, 'TABUAN-LASA', '2021-06-19 05:31:40', '2021-06-19 05:31:40'),
	(1404, 75, 'CALANOGAS', '2021-06-19 05:35:17', '2021-06-19 05:35:17'),
	(1405, 75, 'PUALAS', '2021-06-19 05:35:17', '2021-06-19 05:35:17'),
	(1406, 75, 'DITSAAN-RAMAIN', '2021-06-19 05:35:17', '2021-06-19 05:35:17'),
	(1407, 75, 'SAGUIARAN', '2021-06-19 05:35:17', '2021-06-19 05:35:17'),
	(1408, 75, 'TAMPARAN', '2021-06-19 05:35:17', '2021-06-19 05:35:17'),
	(1409, 75, 'TARAKA', '2021-06-19 05:35:17', '2021-06-19 05:35:17'),
	(1410, 75, 'TUBARAN', '2021-06-19 05:35:17', '2021-06-19 05:35:17'),
	(1411, 75, 'TUGAYA', '2021-06-19 05:35:17', '2021-06-19 05:35:17'),
	(1412, 75, 'WAO', '2021-06-19 05:35:17', '2021-06-19 05:35:17'),
	(1413, 75, 'MAROGONG', '2021-06-19 05:35:17', '2021-06-19 05:35:17'),
	(1414, 75, 'POONA BAYABAO (GATA)', '2021-06-19 05:35:17', '2021-06-19 05:35:17'),
	(1415, 75, 'BUADIPOSO-BUNTONG', '2021-06-19 05:35:17', '2021-06-19 05:35:17'),
	(1416, 75, 'MAGUING', '2021-06-19 05:35:17', '2021-06-19 05:35:17'),
	(1417, 75, 'PICONG (SULTAN GUMANDER)', '2021-06-19 05:35:17', '2021-06-19 05:35:17'),
	(1418, 75, 'LUMBAYANAGUE', '2021-06-19 05:35:17', '2021-06-19 05:35:17'),
	(1419, 75, 'BUMBARAN', '2021-06-19 05:35:17', '2021-06-19 05:35:17'),
	(1420, 75, 'TAGOLOAN II', '2021-06-19 05:35:17', '2021-06-19 05:35:17'),
	(1421, 75, 'KAPATAGAN', '2021-06-19 05:35:17', '2021-06-19 05:35:17'),
	(1422, 75, 'SULTAN DUMALONDONG', '2021-06-19 05:35:17', '2021-06-19 05:35:17'),
	(1423, 75, 'LUMBACA-UNAYAN', '2021-06-19 05:35:17', '2021-06-19 05:35:17'),
	(1424, 75, 'LUMBATAN', '2021-06-19 05:35:17', '2021-06-19 05:35:17'),
	(1425, 75, 'BALABAGAN', '2021-06-19 05:35:17', '2021-06-19 05:35:17'),
	(1426, 75, 'BALINDONG (WATU)', '2021-06-19 05:35:17', '2021-06-19 05:35:17'),
	(1427, 75, 'BAYANG', '2021-06-19 05:35:17', '2021-06-19 05:35:17'),
	(1428, 75, 'BINIDAYAN', '2021-06-19 05:35:17', '2021-06-19 05:35:17'),
	(1429, 75, 'BUBONG', '2021-06-19 05:35:17', '2021-06-19 05:35:17'),
	(1430, 75, 'BUTIG', '2021-06-19 05:35:17', '2021-06-19 05:35:17'),
	(1431, 75, 'GANASSI', '2021-06-19 05:35:18', '2021-06-19 05:35:18'),
	(1432, 75, 'KAPAI', '2021-06-19 05:35:18', '2021-06-19 05:35:18'),
	(1433, 75, 'LUMBA-BAYABAO (MAGUING)', '2021-06-19 05:35:18', '2021-06-19 05:35:18'),
	(1434, 75, 'BACOLOD-KALAWI (BACOLOD GRANDE)', '2021-06-19 05:35:18', '2021-06-19 05:35:18'),
	(1435, 75, 'MADALUM', '2021-06-19 05:35:18', '2021-06-19 05:35:18'),
	(1436, 75, 'MADAMBA', '2021-06-19 05:35:18', '2021-06-19 05:35:18'),
	(1437, 75, 'MALABANG', '2021-06-19 05:35:18', '2021-06-19 05:35:18'),
	(1438, 75, 'MARANTAO', '2021-06-19 05:35:18', '2021-06-19 05:35:18'),
	(1439, 75, 'MARAWI CITY (Capital)', '2021-06-19 05:35:18', '2021-06-19 05:35:18'),
	(1440, 75, 'MASIU', '2021-06-19 05:35:18', '2021-06-19 05:35:18'),
	(1441, 75, 'MULONDO', '2021-06-19 05:35:18', '2021-06-19 05:35:18'),
	(1442, 75, 'PAGAYAWAN (TATARIKAN)', '2021-06-19 05:35:18', '2021-06-19 05:35:18'),
	(1443, 75, 'PIAGAPO', '2021-06-19 05:35:18', '2021-06-19 05:35:18'),
	(1444, 76, 'RAJAH BUAYAN', '2021-06-19 05:37:25', '2021-06-19 05:37:25'),
	(1445, 76, 'TALITAY', '2021-06-19 05:37:25', '2021-06-19 05:37:25'),
	(1446, 76, 'PAGAGAWAN', '2021-06-19 05:37:25', '2021-06-19 05:37:25'),
	(1447, 76, 'PAGLAT', '2021-06-19 05:37:25', '2021-06-19 05:37:25'),
	(1448, 76, 'SULTAN MASTURA', '2021-06-19 05:37:26', '2021-06-19 05:37:26'),
	(1449, 76, 'GUINDULUNGAN', '2021-06-19 05:37:26', '2021-06-19 05:37:26'),
	(1450, 76, 'DATU SAUDI-AMPATUAN', '2021-06-19 05:37:26', '2021-06-19 05:37:26'),
	(1451, 76, 'DATU UNSAY', '2021-06-19 05:37:26', '2021-06-19 05:37:26'),
	(1452, 76, 'DATU ABDULLAH SANGKI', '2021-06-19 05:37:26', '2021-06-19 05:37:26'),
	(1453, 76, 'MAMASAPANO', '2021-06-19 05:37:26', '2021-06-19 05:37:26'),
	(1454, 76, 'DATU BLAH T. SINSUAT', '2021-06-19 05:37:26', '2021-06-19 05:37:26'),
	(1455, 76, 'DATU ANGGAL MIDTIMBANG', '2021-06-19 05:37:26', '2021-06-19 05:37:26'),
	(1456, 76, 'MANGUDADATU', '2021-06-19 05:37:26', '2021-06-19 05:37:26'),
	(1457, 76, 'PANDAG', '2021-06-19 05:37:26', '2021-06-19 05:37:26'),
	(1458, 76, 'NORTHERN KABUNTALAN', '2021-06-19 05:37:26', '2021-06-19 05:37:26'),
	(1459, 76, 'DATU HOFFER AMPATUAN', '2021-06-19 05:37:26', '2021-06-19 05:37:26'),
	(1460, 76, 'DATU SALIBO', '2021-06-19 05:37:26', '2021-06-19 05:37:26'),
	(1461, 76, 'SHARIFF SAYDONA MUSTAPHA', '2021-06-19 05:37:26', '2021-06-19 05:37:26'),
	(1462, 76, 'PARANG', '2021-06-19 05:37:26', '2021-06-19 05:37:26'),
	(1463, 76, 'BULDON', '2021-06-19 05:37:26', '2021-06-19 05:37:26'),
	(1464, 76, 'BULUAN', '2021-06-19 05:37:26', '2021-06-19 05:37:26'),
	(1465, 76, 'DATU PAGLAS', '2021-06-19 05:37:26', '2021-06-19 05:37:26'),
	(1466, 76, 'DATU PIANG', '2021-06-19 05:37:26', '2021-06-19 05:37:26'),
	(1467, 76, 'DATU ODIN SINSUAT (DINAIG)', '2021-06-19 05:37:26', '2021-06-19 05:37:26'),
	(1468, 76, 'SHARIFF AGUAK (MAGANOY) (Capital)', '2021-06-19 05:37:26', '2021-06-19 05:37:26'),
	(1469, 76, 'MATANOG', '2021-06-19 05:37:26', '2021-06-19 05:37:26'),
	(1470, 76, 'PAGALUNGAN', '2021-06-19 05:37:26', '2021-06-19 05:37:26'),
	(1471, 76, 'AMPATUAN', '2021-06-19 05:37:26', '2021-06-19 05:37:26'),
	(1472, 76, 'SULTAN KUDARAT (NULING)', '2021-06-19 05:37:26', '2021-06-19 05:37:26'),
	(1473, 76, 'SULTAN SA BARONGIS (LAMBAYONG)', '2021-06-19 05:37:26', '2021-06-19 05:37:26'),
	(1474, 76, 'KABUNTALAN (TUMBAO)', '2021-06-19 05:37:26', '2021-06-19 05:37:26'),
	(1475, 76, 'UPI', '2021-06-19 05:37:26', '2021-06-19 05:37:26'),
	(1476, 76, 'TALAYAN', '2021-06-19 05:37:26', '2021-06-19 05:37:26'),
	(1477, 76, 'SOUTH UPI', '2021-06-19 05:37:26', '2021-06-19 05:37:26'),
	(1478, 76, 'BARIRA', '2021-06-19 05:37:26', '2021-06-19 05:37:26'),
	(1479, 76, 'GEN. S. K. PENDATUN', '2021-06-19 05:37:26', '2021-06-19 05:37:26'),
	(1480, 77, 'PATA', '2021-06-19 05:39:51', '2021-06-19 05:39:51'),
	(1481, 77, 'OMAR', '2021-06-19 05:39:51', '2021-06-19 05:39:51'),
	(1482, 77, 'PANDAMI', '2021-06-19 05:39:51', '2021-06-19 05:39:51'),
	(1483, 77, 'LUGUS', '2021-06-19 05:39:51', '2021-06-19 05:39:51'),
	(1484, 77, 'PANGLIMA ESTINO (NEW PANAMAO)', '2021-06-19 05:39:51', '2021-06-19 05:39:51'),
	(1485, 77, 'TONGKIL', '2021-06-19 05:39:51', '2021-06-19 05:39:51'),
	(1486, 77, 'TAPUL', '2021-06-19 05:39:51', '2021-06-19 05:39:51'),
	(1487, 77, 'TALIPAO', '2021-06-19 05:39:52', '2021-06-19 05:39:52'),
	(1488, 77, 'SIASI', '2021-06-19 05:39:52', '2021-06-19 05:39:52'),
	(1489, 77, 'PATIKUL', '2021-06-19 05:39:52', '2021-06-19 05:39:52'),
	(1490, 77, 'INDANAN', '2021-06-19 05:39:52', '2021-06-19 05:39:52'),
	(1491, 77, 'PARANG', '2021-06-19 05:39:52', '2021-06-19 05:39:52'),
	(1492, 77, 'PANGUTARAN', '2021-06-19 05:39:52', '2021-06-19 05:39:52'),
	(1493, 77, 'OLD PANAMAO', '2021-06-19 05:39:52', '2021-06-19 05:39:52'),
	(1494, 77, 'HADJI PANGLIMA TAHIL (MARUNGGAS)', '2021-06-19 05:39:52', '2021-06-19 05:39:52'),
	(1495, 77, 'MAIMBUNG', '2021-06-19 05:39:52', '2021-06-19 05:39:52'),
	(1496, 77, 'LUUK', '2021-06-19 05:39:52', '2021-06-19 05:39:52'),
	(1497, 77, 'KALINGALAN CALUANG', '2021-06-19 05:39:52', '2021-06-19 05:39:52'),
	(1498, 77, 'JOLO (Capital)', '2021-06-19 05:39:52', '2021-06-19 05:39:52'),
	(1499, 78, 'PANGLIMA SUGALA (BALIMBING)', '2021-06-19 05:41:02', '2021-06-19 05:41:02'),
	(1500, 78, 'BONGAO (Capital)', '2021-06-19 05:41:02', '2021-06-19 05:41:02'),
	(1501, 78, 'MAPUN (CAGAYAN DE TAWI-TAWI)', '2021-06-19 05:41:02', '2021-06-19 05:41:02'),
	(1502, 78, 'SIMUNUL', '2021-06-19 05:41:02', '2021-06-19 05:41:02'),
	(1503, 78, 'SITANGKAI', '2021-06-19 05:41:02', '2021-06-19 05:41:02'),
	(1504, 78, 'SOUTH UBIAN', '2021-06-19 05:41:02', '2021-06-19 05:41:02'),
	(1505, 78, 'TANDUBAS', '2021-06-19 05:41:02', '2021-06-19 05:41:02'),
	(1506, 78, 'TURTLE ISLANDS', '2021-06-19 05:41:02', '2021-06-19 05:41:02'),
	(1507, 78, 'LANGUYAN', '2021-06-19 05:41:02', '2021-06-19 05:41:02'),
	(1508, 78, 'SAPA-SAPA', '2021-06-19 05:41:02', '2021-06-19 05:41:02'),
	(1509, 78, 'SIBUTU', '2021-06-19 05:41:02', '2021-06-19 05:41:02'),
	(1510, 79, 'BUENAVISTA', '2021-06-19 05:46:31', '2021-06-19 05:46:31'),
	(1511, 79, 'BUTUAN CITY (Capital)', '2021-06-19 05:46:31', '2021-06-19 05:46:31'),
	(1512, 79, 'CITY OF CABADBARAN', '2021-06-19 05:46:31', '2021-06-19 05:46:31'),
	(1513, 79, 'CARMEN', '2021-06-19 05:46:31', '2021-06-19 05:46:31'),
	(1514, 79, 'JABONGA', '2021-06-19 05:46:31', '2021-06-19 05:46:31'),
	(1515, 79, 'KITCHARAO', '2021-06-19 05:46:31', '2021-06-19 05:46:31'),
	(1516, 79, 'LAS NIEVES', '2021-06-19 05:46:31', '2021-06-19 05:46:31'),
	(1517, 79, 'MAGALLANES', '2021-06-19 05:46:31', '2021-06-19 05:46:31'),
	(1518, 79, 'NASIPIT', '2021-06-19 05:46:31', '2021-06-19 05:46:31'),
	(1519, 79, 'SANTIAGO', '2021-06-19 05:46:31', '2021-06-19 05:46:31'),
	(1520, 79, 'TUBAY', '2021-06-19 05:46:31', '2021-06-19 05:46:31'),
	(1521, 79, 'REMEDIOS T. ROMUALDEZ', '2021-06-19 05:46:31', '2021-06-19 05:46:31'),
	(1522, 80, 'CITY OF BAYUGAN', '2021-06-19 05:47:46', '2021-06-19 05:47:46'),
	(1523, 80, 'BUNAWAN', '2021-06-19 05:47:46', '2021-06-19 05:47:46'),
	(1524, 80, 'ESPERANZA', '2021-06-19 05:47:46', '2021-06-19 05:47:46'),
	(1525, 80, 'LA PAZ', '2021-06-19 05:47:46', '2021-06-19 05:47:46'),
	(1526, 80, 'LORETO', '2021-06-19 05:47:46', '2021-06-19 05:47:46'),
	(1527, 80, 'PROSPERIDAD (Capital)', '2021-06-19 05:47:46', '2021-06-19 05:47:46'),
	(1528, 80, 'ROSARIO', '2021-06-19 05:47:46', '2021-06-19 05:47:46'),
	(1529, 80, 'SAN FRANCISCO', '2021-06-19 05:47:46', '2021-06-19 05:47:46'),
	(1530, 80, 'SAN LUIS', '2021-06-19 05:47:46', '2021-06-19 05:47:46'),
	(1531, 80, 'SANTA JOSEFA', '2021-06-19 05:47:46', '2021-06-19 05:47:46'),
	(1532, 80, 'TALACOGON', '2021-06-19 05:47:46', '2021-06-19 05:47:46'),
	(1533, 80, 'TRENTO', '2021-06-19 05:47:46', '2021-06-19 05:47:46'),
	(1534, 80, 'VERUELA', '2021-06-19 05:47:46', '2021-06-19 05:47:46'),
	(1535, 80, 'SIBAGAT', '2021-06-19 05:47:46', '2021-06-19 05:47:46'),
	(1536, 81, 'PILAR', '2021-06-19 05:49:05', '2021-06-19 05:49:05'),
	(1537, 81, 'TUBOD', '2021-06-19 05:49:05', '2021-06-19 05:49:05'),
	(1538, 81, 'TAGANA-AN', '2021-06-19 05:49:05', '2021-06-19 05:49:05'),
	(1539, 81, 'SURIGAO CITY (Capital)', '2021-06-19 05:49:05', '2021-06-19 05:49:05'),
	(1540, 81, 'SOCORRO', '2021-06-19 05:49:05', '2021-06-19 05:49:05'),
	(1541, 81, 'SISON', '2021-06-19 05:49:05', '2021-06-19 05:49:05'),
	(1542, 81, 'SANTA MONICA (SAPAO)', '2021-06-19 05:49:05', '2021-06-19 05:49:05'),
	(1543, 81, 'SAN ISIDRO', '2021-06-19 05:49:05', '2021-06-19 05:49:05'),
	(1544, 81, 'SAN FRANCISCO (ANAO-AON)', '2021-06-19 05:49:06', '2021-06-19 05:49:06'),
	(1545, 81, 'SAN BENITO', '2021-06-19 05:49:06', '2021-06-19 05:49:06'),
	(1546, 81, 'PLACER', '2021-06-19 05:49:06', '2021-06-19 05:49:06'),
	(1547, 81, 'ALEGRIA', '2021-06-19 05:49:06', '2021-06-19 05:49:06'),
	(1548, 81, 'MALIMONO', '2021-06-19 05:49:06', '2021-06-19 05:49:06'),
	(1549, 81, 'MAINIT', '2021-06-19 05:49:06', '2021-06-19 05:49:06'),
	(1550, 81, 'GIGAQUIT', '2021-06-19 05:49:06', '2021-06-19 05:49:06'),
	(1551, 81, 'GENERAL LUNA', '2021-06-19 05:49:06', '2021-06-19 05:49:06'),
	(1552, 81, 'DEL CARMEN', '2021-06-19 05:49:06', '2021-06-19 05:49:06'),
	(1553, 81, 'DAPA', '2021-06-19 05:49:06', '2021-06-19 05:49:06'),
	(1554, 81, 'CLAVER', '2021-06-19 05:49:06', '2021-06-19 05:49:06'),
	(1555, 81, 'BURGOS', '2021-06-19 05:49:06', '2021-06-19 05:49:06'),
	(1556, 81, 'BACUAG', '2021-06-19 05:49:06', '2021-06-19 05:49:06'),
	(1557, 82, 'LANUZA', '2021-06-19 05:50:02', '2021-06-19 05:50:02'),
	(1558, 82, 'CITY OF TANDAG (Capital)', '2021-06-19 05:50:02', '2021-06-19 05:50:02'),
	(1559, 82, 'TAGO', '2021-06-19 05:50:02', '2021-06-19 05:50:02'),
	(1560, 82, 'TAGBINA', '2021-06-19 05:50:02', '2021-06-19 05:50:02'),
	(1561, 82, 'SAN MIGUEL', '2021-06-19 05:50:02', '2021-06-19 05:50:02'),
	(1562, 82, 'SAN AGUSTIN', '2021-06-19 05:50:02', '2021-06-19 05:50:02'),
	(1563, 82, 'MARIHATAG', '2021-06-19 05:50:02', '2021-06-19 05:50:02'),
	(1564, 82, 'MADRID', '2021-06-19 05:50:02', '2021-06-19 05:50:02'),
	(1565, 82, 'LINGIG', '2021-06-19 05:50:02', '2021-06-19 05:50:02'),
	(1566, 82, 'LIANGA', '2021-06-19 05:50:02', '2021-06-19 05:50:02'),
	(1567, 82, 'BAROBO', '2021-06-19 05:50:02', '2021-06-19 05:50:02'),
	(1568, 82, 'HINATUAN', '2021-06-19 05:50:02', '2021-06-19 05:50:02'),
	(1569, 82, 'CORTES', '2021-06-19 05:50:02', '2021-06-19 05:50:02'),
	(1570, 82, 'CARRASCAL', '2021-06-19 05:50:02', '2021-06-19 05:50:02'),
	(1571, 82, 'CARMEN', '2021-06-19 05:50:02', '2021-06-19 05:50:02'),
	(1572, 82, 'CANTILAN', '2021-06-19 05:50:02', '2021-06-19 05:50:02'),
	(1573, 82, 'CAGWAIT', '2021-06-19 05:50:02', '2021-06-19 05:50:02'),
	(1574, 82, 'CITY OF BISLIG', '2021-06-19 05:50:02', '2021-06-19 05:50:02'),
	(1575, 82, 'BAYABAS', '2021-06-19 05:50:02', '2021-06-19 05:50:02'),
	(1576, 83, 'BASILISA (RIZAL)', '2021-06-19 05:51:04', '2021-06-19 05:51:04'),
	(1577, 83, 'CAGDIANAO', '2021-06-19 05:51:04', '2021-06-19 05:51:04'),
	(1578, 83, 'DINAGAT', '2021-06-19 05:51:04', '2021-06-19 05:51:04'),
	(1579, 83, 'LIBJO (ALBOR)', '2021-06-19 05:51:04', '2021-06-19 05:51:04'),
	(1580, 83, 'LORETO', '2021-06-19 05:51:04', '2021-06-19 05:51:04'),
	(1581, 83, 'SAN JOSE (Capital)', '2021-06-19 05:51:04', '2021-06-19 05:51:04'),
	(1582, 83, 'TUBAJON', '2021-06-19 05:51:04', '2021-06-19 05:51:04'),
	(1583, 84, 'BOAC (Capital)', '2021-06-19 05:53:17', '2021-06-19 05:53:17'),
	(1584, 84, 'BUENAVISTA', '2021-06-19 05:53:17', '2021-06-19 05:53:17'),
	(1585, 84, 'GASAN', '2021-06-19 05:53:17', '2021-06-19 05:53:17'),
	(1586, 84, 'MOGPOG', '2021-06-19 05:53:17', '2021-06-19 05:53:17'),
	(1587, 84, 'SANTA CRUZ', '2021-06-19 05:53:17', '2021-06-19 05:53:17'),
	(1588, 84, 'TORRIJOS', '2021-06-19 05:53:17', '2021-06-19 05:53:17'),
	(1589, 85, 'ABRA DE ILOG', '2021-06-19 05:54:17', '2021-06-19 05:54:17'),
	(1590, 85, 'CALINTAAN', '2021-06-19 05:54:17', '2021-06-19 05:54:17'),
	(1591, 85, 'LOOC', '2021-06-19 05:54:17', '2021-06-19 05:54:17'),
	(1592, 85, 'LUBANG', '2021-06-19 05:54:17', '2021-06-19 05:54:17'),
	(1593, 85, 'MAGSAYSAY', '2021-06-19 05:54:17', '2021-06-19 05:54:17'),
	(1594, 85, 'MAMBURAO (Capital)', '2021-06-19 05:54:17', '2021-06-19 05:54:17'),
	(1595, 85, 'PALUAN', '2021-06-19 05:54:17', '2021-06-19 05:54:17'),
	(1596, 85, 'RIZAL', '2021-06-19 05:54:17', '2021-06-19 05:54:17'),
	(1597, 85, 'SABLAYAN', '2021-06-19 05:54:17', '2021-06-19 05:54:17'),
	(1598, 85, 'SAN JOSE', '2021-06-19 05:54:17', '2021-06-19 05:54:17'),
	(1599, 85, 'SANTA CRUZ', '2021-06-19 05:54:17', '2021-06-19 05:54:17'),
	(1600, 86, 'BACO', '2021-06-19 05:55:23', '2021-06-19 05:55:23'),
	(1601, 86, 'BANSUD', '2021-06-19 05:55:23', '2021-06-19 05:55:23'),
	(1602, 86, 'BONGABONG', '2021-06-19 05:55:23', '2021-06-19 05:55:23'),
	(1603, 86, 'BULALACAO (SAN PEDRO)', '2021-06-19 05:55:23', '2021-06-19 05:55:23'),
	(1604, 86, 'CITY OF CALAPAN (Capital)', '2021-06-19 05:55:23', '2021-06-19 05:55:23'),
	(1605, 86, 'GLORIA', '2021-06-19 05:55:23', '2021-06-19 05:55:23'),
	(1606, 86, 'MANSALAY', '2021-06-19 05:55:23', '2021-06-19 05:55:23'),
	(1607, 86, 'NAUJAN', '2021-06-19 05:55:23', '2021-06-19 05:55:23'),
	(1608, 86, 'PINAMALAYAN', '2021-06-19 05:55:23', '2021-06-19 05:55:23'),
	(1609, 86, 'POLA', '2021-06-19 05:55:23', '2021-06-19 05:55:23'),
	(1610, 86, 'PUERTO GALERA', '2021-06-19 05:55:23', '2021-06-19 05:55:23'),
	(1611, 86, 'ROXAS', '2021-06-19 05:55:23', '2021-06-19 05:55:23'),
	(1612, 86, 'SAN TEODORO', '2021-06-19 05:55:23', '2021-06-19 05:55:23'),
	(1613, 86, 'SOCORRO', '2021-06-19 05:55:23', '2021-06-19 05:55:23'),
	(1614, 86, 'VICTORIA', '2021-06-19 05:55:24', '2021-06-19 05:55:24'),
	(1615, 87, 'LINAPACAN', '2021-06-19 05:57:07', '2021-06-19 05:57:07'),
	(1616, 87, 'SOFRONIO ESPAÑOLA', '2021-06-19 05:57:07', '2021-06-19 05:57:07'),
	(1617, 87, 'RIZAL (MARCOS)', '2021-06-19 05:57:07', '2021-06-19 05:57:07'),
	(1618, 87, 'CULION', '2021-06-19 05:57:07', '2021-06-19 05:57:07'),
	(1619, 87, 'KALAYAAN', '2021-06-19 05:57:07', '2021-06-19 05:57:07'),
	(1620, 87, 'TAYTAY', '2021-06-19 05:57:07', '2021-06-19 05:57:07'),
	(1621, 87, 'SAN VICENTE', '2021-06-19 05:57:07', '2021-06-19 05:57:07'),
	(1622, 87, 'ROXAS', '2021-06-19 05:57:07', '2021-06-19 05:57:07'),
	(1623, 87, 'QUEZON', '2021-06-19 05:57:07', '2021-06-19 05:57:07'),
	(1624, 87, 'PUERTO PRINCESA CITY (Capital)', '2021-06-19 05:57:08', '2021-06-19 05:57:08'),
	(1625, 87, 'NARRA', '2021-06-19 05:57:08', '2021-06-19 05:57:08'),
	(1626, 87, 'MAGSAYSAY', '2021-06-19 05:57:08', '2021-06-19 05:57:08'),
	(1627, 87, 'ABORLAN', '2021-06-19 05:57:08', '2021-06-19 05:57:08'),
	(1628, 87, 'EL NIDO (BACUIT)', '2021-06-19 05:57:08', '2021-06-19 05:57:08'),
	(1629, 87, 'DUMARAN', '2021-06-19 05:57:08', '2021-06-19 05:57:08'),
	(1630, 87, 'CUYO', '2021-06-19 05:57:08', '2021-06-19 05:57:08'),
	(1631, 87, 'CORON', '2021-06-19 05:57:08', '2021-06-19 05:57:08'),
	(1632, 87, 'CAGAYANCILLO', '2021-06-19 05:57:08', '2021-06-19 05:57:08'),
	(1633, 87, 'BUSUANGA', '2021-06-19 05:57:08', '2021-06-19 05:57:08'),
	(1634, 87, 'BROOKES POINT', '2021-06-19 05:57:08', '2021-06-19 05:57:08'),
	(1635, 87, 'BATARAZA', '2021-06-19 05:57:08', '2021-06-19 05:57:08'),
	(1636, 87, 'BALABAC', '2021-06-19 05:57:08', '2021-06-19 05:57:08'),
	(1637, 87, 'ARACELI', '2021-06-19 05:57:08', '2021-06-19 05:57:08'),
	(1638, 87, 'AGUTAYA', '2021-06-19 05:57:08', '2021-06-19 05:57:08'),
	(1639, 88, 'ODIONGAN', '2021-06-19 06:00:24', '2021-06-19 06:00:24'),
	(1640, 88, 'SANTA MARIA (IMELDA)', '2021-06-19 06:00:24', '2021-06-19 06:00:24'),
	(1641, 88, 'FERROL', '2021-06-19 06:00:24', '2021-06-19 06:00:24'),
	(1642, 88, 'SANTA FE', '2021-06-19 06:00:24', '2021-06-19 06:00:24'),
	(1643, 88, 'SAN JOSE', '2021-06-19 06:00:24', '2021-06-19 06:00:24'),
	(1644, 88, 'SAN FERNANDO', '2021-06-19 06:00:24', '2021-06-19 06:00:24'),
	(1645, 88, 'SAN ANDRES', '2021-06-19 06:00:24', '2021-06-19 06:00:24'),
	(1646, 88, 'SAN AGUSTIN', '2021-06-19 06:00:24', '2021-06-19 06:00:24'),
	(1647, 88, 'ROMBLON (Capital)', '2021-06-19 06:00:24', '2021-06-19 06:00:24'),
	(1648, 88, 'ALCANTARA', '2021-06-19 06:00:24', '2021-06-19 06:00:24'),
	(1649, 88, 'MAGDIWANG', '2021-06-19 06:00:24', '2021-06-19 06:00:24'),
	(1650, 88, 'LOOC', '2021-06-19 06:00:24', '2021-06-19 06:00:24'),
	(1651, 88, 'CORCUERA', '2021-06-19 06:00:24', '2021-06-19 06:00:24'),
	(1652, 88, 'CONCEPCION', '2021-06-19 06:00:24', '2021-06-19 06:00:24'),
	(1653, 88, 'CALATRAVA', '2021-06-19 06:00:25', '2021-06-19 06:00:25'),
	(1654, 88, 'CAJIDIOCAN', '2021-06-19 06:00:25', '2021-06-19 06:00:25'),
	(1655, 88, 'BANTON', '2021-06-19 06:00:25', '2021-06-19 06:00:25');

-- Dumping structure for table denr_pportal.failed_jobs
CREATE TABLE IF NOT EXISTS `failed_jobs` (
  `id` bigint(20) unsigned NOT NULL AUTO_INCREMENT,
  `uuid` varchar(255) COLLATE utf8mb4_unicode_ci NOT NULL,
  `connection` text COLLATE utf8mb4_unicode_ci NOT NULL,
  `queue` text COLLATE utf8mb4_unicode_ci NOT NULL,
  `payload` longtext COLLATE utf8mb4_unicode_ci NOT NULL,
  `exception` longtext COLLATE utf8mb4_unicode_ci NOT NULL,
  `failed_at` timestamp NOT NULL DEFAULT current_timestamp(),
  PRIMARY KEY (`id`),
  UNIQUE KEY `failed_jobs_uuid_unique` (`uuid`)
) ENGINE=InnoDB DEFAULT CHARSET=utf8mb4 COLLATE=utf8mb4_unicode_ci;

-- Dumping data for table denr_pportal.failed_jobs: ~0 rows (approximately)

-- Dumping structure for table denr_pportal.migrations
CREATE TABLE IF NOT EXISTS `migrations` (
  `id` int(10) unsigned NOT NULL AUTO_INCREMENT,
  `migration` varchar(255) COLLATE utf8mb4_unicode_ci NOT NULL,
  `batch` int(11) NOT NULL,
  PRIMARY KEY (`id`)
) ENGINE=InnoDB AUTO_INCREMENT=5 DEFAULT CHARSET=utf8mb4 COLLATE=utf8mb4_unicode_ci;

-- Dumping data for table denr_pportal.migrations: ~4 rows (approximately)
REPLACE INTO `migrations` (`id`, `migration`, `batch`) VALUES
	(1, '2014_10_12_000000_create_users_table', 1),
	(2, '2014_10_12_100000_create_password_resets_table', 1),
	(3, '2019_08_19_000000_create_failed_jobs_table', 1),
	(4, '2019_12_14_000001_create_personal_access_tokens_table', 1);

-- Dumping structure for table denr_pportal.offices
CREATE TABLE IF NOT EXISTS `offices` (
  `id` int(11) NOT NULL AUTO_INCREMENT,
  `officename` varchar(70) DEFAULT NULL,
  `province_id` int(11) DEFAULT NULL,
  `officetype` varchar(50) DEFAULT NULL,
  `location` varchar(50) DEFAULT NULL,
  PRIMARY KEY (`id`)
) ENGINE=InnoDB AUTO_INCREMENT=30 DEFAULT CHARSET=latin1;

-- Dumping data for table denr_pportal.offices: ~27 rows (approximately)
REPLACE INTO `offices` (`id`, `officename`, `province_id`, `officetype`, `location`) VALUES
	(1, 'PENRO Davao Oriental', 55, 'PENRO', 'Dahican, Mati'),
	(2, 'PENRO Davao del Norte', 53, 'PENRO', 'Tagum'),
	(3, 'PENRO Davao de Oro', 56, 'PENRO', 'Nabunturan'),
	(4, 'PENRO Davao del Sur', 54, 'PENRO', 'Digos'),
	(5, 'PENRO Davao Occidental', 57, 'PENRO', 'Malita'),
	(6, 'CENRO Mati', 55, 'CENRO', 'Mati'),
	(7, 'CENRO Lupon', 55, 'CENRO', 'Lupon'),
	(8, 'CENRO Manay', 55, 'CENRO', 'Manay'),
	(9, 'CENRO Baganga', 55, 'CENRO', 'Baganga'),
	(10, 'CENRO New Corella', 53, 'CENRO', 'New Corella'),
	(11, 'CENRO Panabo', 53, 'CENRO', 'Panabo'),
	(12, 'CENRO Maco', 56, 'CENRO', 'Maco'),
	(13, 'CENRO Monkayo', 56, 'CENRO', 'Monkayo'),
	(14, 'CENRO Davao', 54, 'CENRO', 'Davao'),
	(15, 'CENRO Digos', 54, 'CENRO', 'Digos'),
	(16, 'CENRO Malalag', 54, 'CENRO', 'Malalag'),
	(17, 'Conservation and Development Division', 54, 'ARED TS', 'DENR RXI, Lanang, Davao City'),
	(18, 'Licences Patents and Deeds Division', 54, 'ARED TS', 'DENR RXI, Lanang, Davao City'),
	(19, 'Surveys and Mapping Division', 54, 'ARED TS', 'DENR RXI, Lanang, Davao City'),
	(20, 'Enforcement Division', 54, 'ARED TS', 'DENR RXI, Lanang, Davao City'),
	(21, 'Finance Division', 54, 'ARED MS', 'DENR RXI, Lanang, Davao City'),
	(22, 'Planning and Management Division', 54, 'ARED MS', 'DENR RXI, Lanang, Davao City'),
	(23, 'Legal Division', 54, 'ARED MS', 'DENR RXI, Lanang, Davao City'),
	(24, 'Admin Division', 54, 'ARED MS', 'DENR RXI, Lanang, Davao City'),
	(25, 'ARED for Management Services', 54, 'ARED MS', 'DENR RXI, Lanang, Davao City'),
	(26, 'ARED for Technical Services', 54, 'ARED TS', 'DENR RXI, Lanang, Davao City'),
	(27, 'Office of the Regional Executive Director', 54, 'RED', 'DENR RXI, Lanang, Davao City'),
	(28, 'Regional Strategic Communications Initiatives Group', 54, 'RED', 'DENR RXI, Lanang, Davao City'),
	(29, 'Program Monitoring and Coordination Center', 54, 'RED', 'DENR RXI, Lanang, Davao City');

-- Dumping structure for table denr_pportal.password_resets
CREATE TABLE IF NOT EXISTS `password_resets` (
  `email` varchar(255) COLLATE utf8mb4_unicode_ci NOT NULL,
  `token` varchar(255) COLLATE utf8mb4_unicode_ci NOT NULL,
  `created_at` timestamp NULL DEFAULT NULL,
  KEY `password_resets_email_index` (`email`)
) ENGINE=InnoDB DEFAULT CHARSET=utf8mb4 COLLATE=utf8mb4_unicode_ci;

-- Dumping data for table denr_pportal.password_resets: ~0 rows (approximately)
REPLACE INTO `password_resets` (`email`, `token`, `created_at`) VALUES
	('adbandiola@denr.gov.ph', '$2y$10$GETn8IAph7H.0MjK.EyNMeBH5KhXqHILv1f.5INQAz9Xjy5/F4F/C', '2022-05-15 19:27:32');

-- Dumping structure for table denr_pportal.personal_access_tokens
CREATE TABLE IF NOT EXISTS `personal_access_tokens` (
  `id` bigint(20) unsigned NOT NULL AUTO_INCREMENT,
  `tokenable_type` varchar(255) COLLATE utf8mb4_unicode_ci NOT NULL,
  `tokenable_id` bigint(20) unsigned NOT NULL,
  `name` varchar(255) COLLATE utf8mb4_unicode_ci NOT NULL,
  `token` varchar(64) COLLATE utf8mb4_unicode_ci NOT NULL,
  `abilities` text COLLATE utf8mb4_unicode_ci DEFAULT NULL,
  `last_used_at` timestamp NULL DEFAULT NULL,
  `created_at` timestamp NULL DEFAULT NULL,
  `updated_at` timestamp NULL DEFAULT NULL,
  PRIMARY KEY (`id`),
  UNIQUE KEY `personal_access_tokens_token_unique` (`token`),
  KEY `personal_access_tokens_tokenable_type_tokenable_id_index` (`tokenable_type`,`tokenable_id`)
) ENGINE=InnoDB DEFAULT CHARSET=utf8mb4 COLLATE=utf8mb4_unicode_ci;

-- Dumping data for table denr_pportal.personal_access_tokens: ~0 rows (approximately)

-- Dumping structure for table denr_pportal.personnels
CREATE TABLE IF NOT EXISTS `personnels` (
  `id` int(11) NOT NULL AUTO_INCREMENT,
  `firstname` varchar(50) DEFAULT NULL,
  `middlename` varchar(50) DEFAULT NULL,
  `lastname` varchar(50) DEFAULT NULL,
  `date_of_birth` datetime DEFAULT NULL,
  `gender` varchar(50) DEFAULT NULL,
  `email_address` varchar(50) DEFAULT NULL,
  `contact_no` varchar(50) DEFAULT NULL,
  `user_id` int(11) DEFAULT NULL,
  `created_at` timestamp NULL DEFAULT NULL,
  `updated_at` timestamp NULL DEFAULT NULL,
  `deleted_at` timestamp NULL DEFAULT NULL,
  PRIMARY KEY (`id`)
) ENGINE=InnoDB AUTO_INCREMENT=2 DEFAULT CHARSET=latin1;

-- Dumping data for table denr_pportal.personnels: ~0 rows (approximately)
REPLACE INTO `personnels` (`id`, `firstname`, `middlename`, `lastname`, `date_of_birth`, `gender`, `email_address`, `contact_no`, `user_id`, `created_at`, `updated_at`, `deleted_at`) VALUES
	(1, 'Albert Neil ', 'Dela Cruz', 'Bandiola', '1991-05-04 09:33:07', 'Male', NULL, NULL, 1, NULL, '2022-03-29 08:33:23', NULL);

-- Dumping structure for table denr_pportal.personnel_assignments
CREATE TABLE IF NOT EXISTS `personnel_assignments` (
  `id` int(11) NOT NULL AUTO_INCREMENT,
  `user_id` int(11) NOT NULL DEFAULT 0,
  `office_id` int(11) NOT NULL DEFAULT 0,
  `date_assigned` datetime NOT NULL,
  `created_at` datetime NOT NULL,
  `updated_at` datetime NOT NULL,
  `deleted_at` datetime DEFAULT NULL,
  PRIMARY KEY (`id`)
) ENGINE=InnoDB AUTO_INCREMENT=42 DEFAULT CHARSET=latin1;

-- Dumping data for table denr_pportal.personnel_assignments: ~36 rows (approximately)
REPLACE INTO `personnel_assignments` (`id`, `user_id`, `office_id`, `date_assigned`, `created_at`, `updated_at`, `deleted_at`) VALUES
	(2, 2, 22, '2022-01-07 00:00:00', '2022-01-07 04:01:54', '2022-07-07 02:04:49', '2022-07-07 02:04:49'),
	(7, 3, 22, '2022-04-29 00:00:00', '2022-04-29 02:50:14', '2022-04-29 02:50:14', NULL),
	(8, 3, 8, '2022-04-29 00:00:00', '2022-04-29 07:52:05', '2022-05-06 05:40:21', '2022-05-06 05:40:21'),
	(9, 3, 11, '2022-04-29 00:00:00', '2022-04-29 08:01:36', '2022-05-06 05:40:24', '2022-05-06 05:40:24'),
	(10, 2, 8, '2022-05-05 00:00:00', '2022-05-05 04:32:40', '2022-05-05 04:33:08', '2022-05-05 04:33:08'),
	(11, 2, 8, '2022-05-05 00:00:00', '2022-05-05 08:57:24', '2022-05-05 08:57:43', '2022-05-05 08:57:43'),
	(12, 3, 8, '2022-05-11 00:00:00', '2022-05-11 03:08:14', '2022-05-12 00:51:31', '2022-05-12 00:51:31'),
	(13, 2, 3, '2022-05-24 00:00:00', '2022-05-12 00:46:47', '2022-05-12 00:46:57', '2022-05-12 00:46:57'),
	(14, 2, 3, '2022-05-12 00:00:00', '2022-05-12 00:47:03', '2022-05-12 01:15:24', '2022-05-12 01:15:24'),
	(15, 3, 11, '2022-05-13 00:00:00', '2022-05-12 00:49:40', '2022-05-12 00:51:34', '2022-05-12 00:51:34'),
	(16, 3, 8, '2022-05-12 00:00:00', '2022-05-12 00:57:08', '2022-05-12 01:44:06', '2022-05-12 01:44:06'),
	(17, 4, 25, '2019-05-02 00:00:00', '2022-05-12 01:12:10', '2022-05-12 01:12:10', NULL),
	(18, 4, 3, '2022-01-04 00:00:00', '2022-05-12 01:13:07', '2022-05-12 01:14:10', '2022-05-12 01:14:10'),
	(19, 4, 17, '2022-02-09 00:00:00', '2022-05-12 01:14:22', '2022-05-12 06:23:15', '2022-05-12 06:23:15'),
	(20, 2, 17, '2022-03-29 00:00:00', '2022-05-12 01:15:40', '2022-05-12 01:26:26', '2022-05-12 01:26:26'),
	(21, 3, 8, '2022-05-13 00:00:00', '2022-05-12 01:58:07', '2022-05-12 01:58:07', NULL),
	(22, 5, 22, '2021-05-24 00:00:00', '2022-05-13 05:12:52', '2022-05-13 05:12:52', NULL),
	(23, 6, 8, '2017-07-21 00:00:00', '2022-05-13 06:18:58', '2022-05-13 06:18:58', NULL),
	(24, 6, 1, '2022-05-17 00:00:00', '2022-05-17 01:41:28', '2022-05-17 05:35:10', '2022-05-17 05:35:10'),
	(25, 7, 1, '2022-05-04 00:00:00', '2022-05-17 05:27:14', '2022-05-17 05:27:14', NULL),
	(26, 8, 26, '2021-04-06 00:00:00', '2022-05-18 00:59:01', '2022-05-18 00:59:01', NULL),
	(27, 9, 17, '2018-01-10 00:00:00', '2022-05-18 02:58:49', '2022-05-18 02:58:49', NULL),
	(28, 10, 17, '2017-05-03 00:00:00', '2022-05-18 03:04:32', '2022-05-18 03:04:32', NULL),
	(29, 11, 27, '2020-11-04 00:00:00', '2022-06-08 07:03:36', '2022-06-08 07:03:36', NULL),
	(30, 2, 20, '2022-07-04 00:00:00', '2022-07-04 08:40:35', '2022-07-04 08:51:07', '2022-07-04 08:51:07'),
	(31, 5, 20, '2022-07-04 00:00:00', '2022-07-04 08:42:21', '2022-07-07 05:35:05', '2022-07-07 05:35:05'),
	(32, 2, 20, '2022-07-04 00:00:00', '2022-07-05 02:52:16', '2022-07-20 02:33:50', '2022-07-20 02:33:50'),
	(33, 2, 22, '2022-07-07 00:00:00', '2022-07-07 02:05:04', '2022-07-07 02:06:14', '2022-07-07 02:06:14'),
	(34, 2, 22, '2022-07-06 00:00:00', '2022-07-07 05:30:39', '2022-07-07 05:30:39', NULL),
	(35, 2, 20, '2022-07-19 00:00:00', '2022-07-19 05:14:32', '2022-07-19 05:14:32', NULL),
	(36, 2, 22, '2022-07-20 00:00:00', '2022-07-20 01:25:11', '2022-07-20 01:25:11', NULL),
	(37, 2, 20, '2022-07-20 00:00:00', '2022-07-20 02:34:34', '2022-07-21 02:17:55', '2022-07-21 02:17:55'),
	(38, 2, 28, '2022-07-21 00:00:00', '2022-07-21 06:18:36', '2022-07-21 06:18:36', NULL),
	(39, 3, 27, '2022-07-21 00:00:00', '2022-07-21 06:22:57', '2022-07-21 06:22:57', NULL),
	(40, 3, 28, '2022-07-28 00:00:00', '2022-07-21 06:26:29', '2022-07-21 07:05:54', '2022-07-21 07:05:54'),
	(41, 2, 29, '2022-07-21 00:00:00', '2022-07-21 07:20:43', '2022-07-21 07:20:43', NULL);

-- Dumping structure for table denr_pportal.plantillas
CREATE TABLE IF NOT EXISTS `plantillas` (
  `id` int(11) NOT NULL AUTO_INCREMENT,
  `plantilla_position` varchar(50) DEFAULT NULL,
  `item_no` varchar(50) DEFAULT NULL,
  `office_id` int(11) DEFAULT NULL,
  `salary_grade` int(11) DEFAULT NULL,
  PRIMARY KEY (`id`)
) ENGINE=InnoDB AUTO_INCREMENT=22 DEFAULT CHARSET=latin1;

-- Dumping data for table denr_pportal.plantillas: ~21 rows (approximately)
REPLACE INTO `plantillas` (`id`, `plantilla_position`, `item_no`, `office_id`, `salary_grade`) VALUES
	(1, 'Information Systems Analyst II', 'OSEC-DENRB-INFOSA2-25-2014', 1, 16),
	(2, 'Forest Technician I', '1111111111', 1, NULL),
	(3, 'Forest Technician II', '1111111111', 1, NULL),
	(4, 'Forest Technician 1', '11111111111', 1, NULL),
	(5, 'Forest Technician II', '11111111111', 1, NULL),
	(6, 'Development Management Officer I', '111111111', 1, NULL),
	(7, 'Development Management Officer II', '1111111', 1, NULL),
	(8, 'Ecosystems Management Specialist I', '11111111', 1, NULL),
	(9, 'Ecosystems Management Specialist II', '1111111111', 1, NULL),
	(10, 'Development Management Officer IV', 'DMOIV-1111-1111', 4, NULL),
	(11, 'CENR Officer', 'CENRO-11111-11111', 1, NULL),
	(12, 'PENR Officer', 'PENRO-1111-1111', 2, NULL),
	(13, 'Regional Executive Director', 'ORED-1111-1111', 27, NULL),
	(14, 'Development Management Officer III', '111111111', 1, NULL),
	(15, 'Forester I', '1111111', 1, NULL),
	(16, 'Forester II', '11111111', 1, NULL),
	(17, 'Forester III', '1111111', 1, NULL),
	(18, 'Admin Aide VI', '1111111', 1, NULL),
	(19, 'Admin Assistant I', '11111', 1, NULL),
	(20, 'Admin Assistant II', '11111', 1, NULL),
	(21, 'Forest Ranger', '111111', 1, NULL);

-- Dumping structure for table denr_pportal.promotions
CREATE TABLE IF NOT EXISTS `promotions` (
  `id` int(11) NOT NULL AUTO_INCREMENT,
  `user_id` int(11) NOT NULL DEFAULT 0,
  `plantilla_id` int(11) NOT NULL DEFAULT 0,
  `salaryStep` int(11) NOT NULL DEFAULT 0,
  `datePromoted` datetime DEFAULT NULL,
  `created_at` timestamp NULL DEFAULT NULL,
  `updated_at` timestamp NULL DEFAULT NULL,
  `deleted_at` timestamp NULL DEFAULT NULL,
  PRIMARY KEY (`id`)
) ENGINE=InnoDB AUTO_INCREMENT=17 DEFAULT CHARSET=latin1;

-- Dumping data for table denr_pportal.promotions: ~10 rows (approximately)
REPLACE INTO `promotions` (`id`, `user_id`, `plantilla_id`, `salaryStep`, `datePromoted`, `created_at`, `updated_at`, `deleted_at`) VALUES
	(5, 2, 1, 0, '2015-09-07 00:00:00', '2022-04-21 23:45:25', '2022-04-24 21:13:02', NULL),
	(6, 3, 2, 0, '2022-04-29 00:00:00', '2022-04-28 18:50:02', '2022-04-28 18:50:02', NULL),
	(7, 3, 7, 0, '2022-04-29 00:00:00', '2022-04-28 23:57:02', '2022-04-28 23:57:02', NULL),
	(8, 3, 1, 0, NULL, '2022-04-28 23:57:51', '2022-04-28 23:57:51', NULL),
	(9, 3, 9, 0, '2022-04-29 00:00:00', '2022-04-29 00:01:01', '2022-04-29 00:01:01', NULL),
	(10, 4, 4, 0, '2022-05-13 00:00:00', '2022-05-11 17:08:13', '2022-05-11 17:08:13', NULL),
	(11, 6, 11, 0, '2017-07-11 00:00:00', '2022-05-12 22:18:38', '2022-05-12 22:18:38', NULL),
	(12, 7, 11, 0, '2022-05-02 00:00:00', '2022-05-16 21:27:02', '2022-05-16 21:27:02', NULL),
	(13, 8, 12, 0, '2020-03-03 00:00:00', '2022-05-17 16:50:43', '2022-05-17 16:50:43', NULL),
	(14, 9, 2, 0, '2018-03-07 00:00:00', '2022-05-17 18:58:15', '2022-05-17 18:58:15', NULL),
	(15, 10, 10, 0, '2017-03-15 00:00:00', '2022-05-17 19:03:57', '2022-05-17 19:03:57', NULL),
	(16, 11, 13, 0, '2020-11-03 00:00:00', '2022-06-07 23:05:04', '2022-06-07 23:05:04', NULL);

-- Dumping structure for table denr_pportal.provinces
CREATE TABLE IF NOT EXISTS `provinces` (
  `id` bigint(20) unsigned NOT NULL AUTO_INCREMENT,
  `region_id` int(10) unsigned NOT NULL,
  `province` varchar(255) COLLATE utf8mb4_unicode_ci NOT NULL,
  `created_at` timestamp NULL DEFAULT NULL,
  `updated_at` timestamp NULL DEFAULT NULL,
  PRIMARY KEY (`id`)
) ENGINE=InnoDB AUTO_INCREMENT=89 DEFAULT CHARSET=utf8mb4 COLLATE=utf8mb4_unicode_ci;

-- Dumping data for table denr_pportal.provinces: ~88 rows (approximately)
REPLACE INTO `provinces` (`id`, `region_id`, `province`, `created_at`, `updated_at`) VALUES
	(1, 1, 'ILOCOS NORTE', NULL, NULL),
	(2, 1, 'ILOCOS SUR', NULL, NULL),
	(3, 1, 'LA UNION', NULL, NULL),
	(4, 1, 'PANGASINAN', NULL, NULL),
	(5, 2, 'BATANES', NULL, NULL),
	(6, 2, 'CAGAYAN', NULL, NULL),
	(7, 2, 'ISABELA', NULL, NULL),
	(8, 2, 'NUEVA VIZCAYA', NULL, NULL),
	(9, 2, 'QUIRINO', NULL, NULL),
	(10, 3, 'BATAAN', NULL, NULL),
	(11, 3, 'BULACAN', NULL, NULL),
	(12, 3, 'NUEVA ECIJA', NULL, NULL),
	(13, 3, 'PAMPANGA', NULL, NULL),
	(14, 3, 'TARLAC', NULL, NULL),
	(15, 3, 'ZAMBALES', NULL, NULL),
	(16, 3, 'AURORA', NULL, NULL),
	(17, 4, 'BATANGAS', NULL, NULL),
	(18, 4, 'CAVITE', NULL, NULL),
	(19, 4, 'LAGUNA', NULL, NULL),
	(20, 4, 'QUEZON', NULL, NULL),
	(21, 4, 'RIZAL', NULL, NULL),
	(22, 5, 'ALBAY', NULL, NULL),
	(23, 5, 'CAMARINES NORTE', NULL, NULL),
	(24, 5, 'CAMARINES SUR', NULL, NULL),
	(25, 5, 'CATANDUANES', NULL, NULL),
	(26, 5, 'MASBATE', NULL, NULL),
	(27, 5, 'SORSOGON', NULL, NULL),
	(28, 6, 'AKLAN', NULL, NULL),
	(29, 6, 'ANTIQUE', NULL, NULL),
	(30, 6, 'CAPIZ', NULL, NULL),
	(31, 6, 'ILOILO', NULL, NULL),
	(32, 6, 'NEGROS OCCIDENTAL', NULL, NULL),
	(33, 6, 'GUIMARAS', NULL, NULL),
	(34, 7, 'BOHOL', NULL, NULL),
	(35, 7, 'CEBU', NULL, NULL),
	(36, 7, 'NEGROS ORIENTAL', NULL, NULL),
	(37, 7, 'SIQUIJOR', NULL, NULL),
	(38, 8, 'EASTERN SAMAR', NULL, NULL),
	(39, 8, 'LEYTE', NULL, NULL),
	(40, 8, 'NORTHERN SAMAR', NULL, NULL),
	(41, 8, 'SAMAR (WESTERN SAMAR)', NULL, NULL),
	(42, 8, 'SOUTHERN LEYTE', NULL, NULL),
	(43, 8, 'BILIRAN', NULL, NULL),
	(44, 9, 'ZAMBOANGA DEL NORTE', NULL, NULL),
	(45, 9, 'ZAMBOANGA DEL SUR', NULL, NULL),
	(46, 9, 'ZAMBOANGA SIBUGAY', NULL, NULL),
	(47, 9, 'CITY OF ISABELA', NULL, NULL),
	(48, 10, 'BUKIDNON', NULL, NULL),
	(49, 10, 'CAMIGUIN', NULL, NULL),
	(50, 10, 'LANAO DEL NORTE', NULL, NULL),
	(51, 10, 'MISAMIS OCCIDENTAL', NULL, NULL),
	(52, 10, 'MISAMIS ORIENTAL', NULL, NULL),
	(53, 11, 'DAVAO DEL NORTE', NULL, NULL),
	(54, 11, 'DAVAO DEL SUR', NULL, NULL),
	(55, 11, 'DAVAO ORIENTAL', NULL, NULL),
	(56, 11, 'DAVAO DE ORO', NULL, NULL),
	(57, 11, 'DAVAO OCCIDENTAL', NULL, NULL),
	(58, 12, 'COTABATO (NORTH COTABATO)', NULL, NULL),
	(59, 12, 'SOUTH COTABATO', NULL, NULL),
	(60, 12, 'SULTAN KUDARAT', NULL, NULL),
	(61, 12, 'SARANGANI', NULL, NULL),
	(62, 12, 'COTABATO CITY', NULL, NULL),
	(63, 13, 'NCR, CITY OF MANILA, FIRST DISTRICT', NULL, NULL),
	(64, 13, 'CITY OF MANILA', NULL, NULL),
	(65, 13, 'NCR, SECOND DISTRICT', NULL, NULL),
	(66, 13, 'NCR, THIRD DISTRICT', NULL, NULL),
	(67, 13, 'NCR, FOURTH DISTRICT', NULL, NULL),
	(68, 14, 'ABRA', NULL, NULL),
	(69, 14, 'BENGUET', NULL, NULL),
	(70, 14, 'IFUGAO', NULL, NULL),
	(71, 14, 'KALINGA', NULL, NULL),
	(72, 14, 'MOUNTAIN PROVINCE', NULL, NULL),
	(73, 14, 'APAYAO', NULL, NULL),
	(74, 15, 'BASILAN', NULL, NULL),
	(75, 15, 'LANAO DEL SUR', NULL, NULL),
	(76, 15, 'MAGUINDANAO', NULL, NULL),
	(77, 15, 'SULU', NULL, NULL),
	(78, 15, 'TAWI-TAWI', NULL, NULL),
	(79, 16, 'AGUSAN DEL NORTE', NULL, NULL),
	(80, 16, 'AGUSAN DEL SUR', NULL, NULL),
	(81, 16, 'SURIGAO DEL NORTE', NULL, NULL),
	(82, 16, 'SURIGAO DEL SUR', NULL, NULL),
	(83, 16, 'DINAGAT ISLANDS', NULL, NULL),
	(84, 17, 'MARINDUQUE', NULL, NULL),
	(85, 17, 'OCCIDENTAL MINDORO', NULL, NULL),
	(86, 17, 'ORIENTAL MINDORO', NULL, NULL),
	(87, 17, 'PALAWAN', NULL, NULL),
	(88, 17, 'ROMBLON', NULL, NULL);

-- Dumping structure for table denr_pportal.regions
CREATE TABLE IF NOT EXISTS `regions` (
  `id` bigint(20) unsigned NOT NULL AUTO_INCREMENT,
  `region` varchar(255) COLLATE utf8mb4_unicode_ci NOT NULL,
  `created_at` timestamp NULL DEFAULT NULL,
  `updated_at` timestamp NULL DEFAULT NULL,
  PRIMARY KEY (`id`)
) ENGINE=InnoDB AUTO_INCREMENT=18 DEFAULT CHARSET=utf8mb4 COLLATE=utf8mb4_unicode_ci;

-- Dumping data for table denr_pportal.regions: ~17 rows (approximately)
REPLACE INTO `regions` (`id`, `region`, `created_at`, `updated_at`) VALUES
	(1, 'REGION I (ILOCOS REGION)', NULL, NULL),
	(2, 'REGION II (CAGAYAN VALLEY)', NULL, NULL),
	(3, 'REGION III (CENTRAL LUZON)', NULL, NULL),
	(4, 'REGION IV-A (CALABARZON)', NULL, NULL),
	(5, 'REGION V (BICOL REGION)', NULL, NULL),
	(6, 'REGION VI (WESTERN VISAYAS)', NULL, NULL),
	(7, 'REGION VII (CENTRAL VISAYAS)', NULL, NULL),
	(8, 'REGION VIII (EASTERN VISAYAS)', NULL, NULL),
	(9, 'REGION IX (ZAMBOANGA PENINSULA)', NULL, NULL),
	(10, 'REGION X (NORTHERN MINDANAO)', NULL, NULL),
	(11, 'REGION XI (DAVAO REGION)', NULL, NULL),
	(12, 'REGION XII (SOCCSKSARGEN)', NULL, NULL),
	(13, 'NATIONAL CAPITAL REGION (NCR)', NULL, NULL),
	(14, 'CORDILLERA ADMINISTRATIVE REGION (CAR)', NULL, NULL),
	(15, 'AUTONOMOUS REGION IN MUSLIM MINDANAO (ARMM)', NULL, NULL),
	(16, 'REGION XIII (Caraga)', NULL, NULL),
	(17, 'REGION IV-B (MIMAROPA)', NULL, NULL);

-- Dumping structure for table denr_pportal.travel_orders
CREATE TABLE IF NOT EXISTS `travel_orders` (
  `id` bigint(20) unsigned NOT NULL AUTO_INCREMENT,
  `user_id` int(11) DEFAULT NULL,
  `to_number` varchar(50) DEFAULT NULL,
  `salary` varchar(9) DEFAULT NULL,
  `date_depart` date DEFAULT NULL,
  `date_arrived` date DEFAULT NULL,
  `destination` varchar(255) DEFAULT NULL,
  `purpose` varchar(255) DEFAULT NULL,
  `expenses` varchar(255) DEFAULT NULL,
  `assist_labor_allowed` varchar(255) DEFAULT NULL,
  `instructions` varchar(255) DEFAULT NULL,
  `application_status` varchar(255) DEFAULT 'Pending',
  `date_submitted` timestamp NULL DEFAULT NULL,
  `office` varchar(100) DEFAULT NULL,
  `office_id` int(11) DEFAULT NULL,
  `account_type` varchar(20) DEFAULT NULL,
  `travel_type` varchar(20) DEFAULT 'Within AOR',
  `divchief_approval` varchar(10) DEFAULT NULL,
  `divchief_approval_date` datetime DEFAULT NULL,
  `disapproved_by_id` int(11) DEFAULT NULL,
  `disapprove_reason` varchar(500) DEFAULT NULL,
  `disapprove_date` datetime DEFAULT NULL,
  `cenro_approval` varchar(50) DEFAULT NULL,
  `cenro_approval_date` datetime DEFAULT NULL,
  `penro_approval` varchar(50) DEFAULT NULL,
  `penro_approval_date` datetime DEFAULT NULL,
  `aredms_approval` varchar(10) DEFAULT NULL,
  `aredms_approval_date` datetime DEFAULT NULL,
  `aredts_approval` varchar(10) DEFAULT NULL,
  `aredts_approval_date` datetime DEFAULT NULL,
  `red_approval` varchar(10) DEFAULT NULL,
  `red_approval_date` datetime DEFAULT NULL,
  `created_at` timestamp NULL DEFAULT NULL,
  `updated_at` timestamp NULL DEFAULT NULL,
  `deleted_at` timestamp NULL DEFAULT NULL,
  KEY `Primary Key` (`id`) USING BTREE
) ENGINE=InnoDB AUTO_INCREMENT=13 DEFAULT CHARSET=latin1;

-- Dumping data for table denr_pportal.travel_orders: ~12 rows (approximately)
REPLACE INTO `travel_orders` (`id`, `user_id`, `to_number`, `salary`, `date_depart`, `date_arrived`, `destination`, `purpose`, `expenses`, `assist_labor_allowed`, `instructions`, `application_status`, `date_submitted`, `office`, `office_id`, `account_type`, `travel_type`, `divchief_approval`, `divchief_approval_date`, `disapproved_by_id`, `disapprove_reason`, `disapprove_date`, `cenro_approval`, `cenro_approval_date`, `penro_approval`, `penro_approval_date`, `aredms_approval`, `aredms_approval_date`, `aredts_approval`, `aredts_approval_date`, `red_approval`, `red_approval_date`, `created_at`, `updated_at`, `deleted_at`) VALUES
	(1, 3, '22-00000', NULL, '2022-05-31', '2022-06-03', 'Cebu', 'Attend QMS Meeting', NULL, NULL, NULL, 'Disapproved', '2022-05-24 18:42:37', 'CENRO Manay', 8, 'Personnel', 'Outside AOR', NULL, NULL, 7, 'not allowed       /Disapproved By: Amelda Vera Cruz', '2022-06-15 08:14:41', '6', '2022-06-15 02:55:38', NULL, NULL, NULL, NULL, NULL, NULL, '11', '2022-06-10 02:45:54', '2022-05-24 18:42:37', '2022-06-15 00:14:41', NULL),
	(2, 2, '22-00001', '38987', '2022-05-27', '2022-05-27', 'Tagum City', 'Conduct network and cctv maintenance', NULL, NULL, NULL, 'RED Approved', '2022-05-26 00:00:44', 'Planning and Management Division', 22, 'Personnel', 'Within AOR', '5', '2022-06-15 06:30:38', NULL, NULL, NULL, NULL, NULL, NULL, NULL, '4', '2022-06-16 07:07:34', NULL, NULL, '11', '2022-06-16 07:08:14', '2022-05-26 00:00:44', '2022-06-15 23:08:14', NULL),
	(3, 9, '22-00002', NULL, '2022-06-02', '2022-06-03', 'Laak, Davao de Oro', 'check NGP site/validation', NULL, NULL, NULL, 'Pending', '2022-05-26 22:43:26', 'Conservation and Development Division', 17, 'Personnel', 'Within AOR', NULL, NULL, NULL, NULL, NULL, NULL, NULL, NULL, NULL, NULL, NULL, '8', NULL, NULL, NULL, '2022-05-26 22:43:26', '2022-06-08 19:12:37', NULL),
	(4, 8, '22-00003', NULL, '2022-06-10', '2022-06-10', 'Tagum City', 'To conduct validation of NGP Site', NULL, NULL, NULL, 'RED Approved', '2022-06-09 23:17:50', 'ARED for Technical Services', 26, 'ARED TS', 'Within AOR', NULL, NULL, NULL, NULL, NULL, NULL, NULL, NULL, NULL, NULL, NULL, NULL, NULL, '11', '2022-07-04 08:34:09', '2022-06-09 23:17:50', '2022-07-04 00:34:09', NULL),
	(5, 2, '22-00004', '38987', '2022-06-21', '2022-06-23', 'PENRO Davao de Oro and Davao Oriental and its vicinities', 'To conduct ICT Inventory', NULL, NULL, NULL, 'ARED MS Approved', '2022-06-26 21:13:04', 'Planning and Management Division', 22, 'Personnel', 'Within AOR', '5', '2022-06-27 06:07:50', NULL, NULL, NULL, NULL, NULL, NULL, NULL, '4', '2022-06-27 06:19:46', NULL, NULL, NULL, NULL, '2022-06-26 21:13:04', '2022-06-26 22:19:46', NULL),
	(6, 3, '22-00005', NULL, '2022-06-28', '2022-06-29', 'Tagum', 'Laag', NULL, NULL, NULL, 'Pending', '2022-06-26 23:36:19', 'CENRO Manay', 8, 'Personnel', 'Within AOR', NULL, NULL, NULL, NULL, NULL, NULL, NULL, NULL, NULL, NULL, NULL, NULL, NULL, NULL, NULL, '2022-06-26 23:36:19', '2022-06-26 23:36:19', NULL),
	(7, 2, '22-00006', '38987', '2022-07-05', '2022-07-07', 'Digos', 'Conduct site inspection', 'Yes', 'Yes', NULL, 'RED Approved', '2022-07-04 00:41:24', 'Enforcement Division', 20, 'Personnel', 'Within AOR', '5', '2022-07-04 08:42:29', NULL, NULL, NULL, NULL, NULL, NULL, NULL, '4', '2022-07-04 08:43:25', '8', '2022-07-04 08:42:50', '11', '2022-07-04 08:44:06', '2022-07-04 00:41:24', '2022-07-04 00:44:06', NULL),
	(8, 2, '22-00007', '38987', '2022-07-12', '2022-07-14', 'Monkayo, Davao de Oro', 'To conduct network maintenance', NULL, NULL, NULL, 'Division Chief Approved', '2022-07-06 21:33:25', 'Planning and Management Division', 22, 'Personnel', 'Within AOR', '5', '2022-07-07 05:54:49', NULL, NULL, NULL, NULL, NULL, NULL, NULL, NULL, NULL, NULL, NULL, NULL, NULL, '2022-07-06 21:33:25', '2022-07-06 21:54:49', NULL),
	(9, 4, '22-00008', '120000', '2022-07-26', '2022-07-27', 'PENRO Tagum and vicinities', 'To conduct office inspection', NULL, NULL, NULL, 'Pending', '2022-07-19 21:34:22', 'ARED for Management Services', 25, 'ARED MS', 'Within AOR', NULL, NULL, NULL, NULL, NULL, NULL, NULL, NULL, NULL, NULL, NULL, NULL, NULL, NULL, NULL, '2022-07-19 21:34:22', '2022-07-19 21:34:22', NULL),
	(10, 3, '22-00009', '25000', '2022-07-27', '2022-07-28', 'Digos', 'Laag', NULL, NULL, NULL, 'RED Approved', '2022-07-20 22:23:26', 'Office of the Regional Executive Director', 27, 'Personnel', 'Within AOR', NULL, NULL, NULL, NULL, NULL, NULL, NULL, NULL, NULL, NULL, NULL, NULL, NULL, '11', '2022-07-21 06:24:04', '2022-07-20 22:23:26', '2022-07-20 22:24:04', NULL),
	(11, 2, '22-00010', '25000', '2022-07-28', '2022-07-28', 'davao', 'laag', NULL, NULL, NULL, 'RED Approved', '2022-07-20 22:38:52', 'Regional Strategic Communications Initiatives Group', 28, 'Personnel', 'Within AOR', NULL, NULL, NULL, NULL, NULL, NULL, NULL, NULL, NULL, NULL, NULL, NULL, NULL, '11', '2022-07-21 06:43:09', '2022-07-20 22:38:52', '2022-07-20 22:43:09', NULL),
	(12, 2, '22-00011', '38987', '2022-07-26', '2022-07-27', 'Buda', 'Laag', NULL, NULL, NULL, 'RED Approved', '2022-07-20 23:21:23', 'Program Monitoring and Coordination Center', 29, 'Personnel', 'Within AOR', NULL, NULL, NULL, NULL, NULL, NULL, NULL, NULL, NULL, NULL, NULL, NULL, NULL, '11', '2022-07-21 07:21:42', '2022-07-20 23:21:23', '2022-07-20 23:21:42', NULL);

-- Dumping structure for table denr_pportal.users
CREATE TABLE IF NOT EXISTS `users` (
  `id` bigint(20) unsigned NOT NULL AUTO_INCREMENT,
  `firstname` varchar(255) COLLATE utf8mb4_unicode_ci NOT NULL,
  `middlename` varchar(255) COLLATE utf8mb4_unicode_ci NOT NULL,
  `lastname` varchar(255) COLLATE utf8mb4_unicode_ci NOT NULL,
  `date_of_birth` date NOT NULL,
  `gender` varchar(255) COLLATE utf8mb4_unicode_ci NOT NULL,
  `contact_no` varchar(255) COLLATE utf8mb4_unicode_ci NOT NULL,
  `email` varchar(255) COLLATE utf8mb4_unicode_ci NOT NULL,
  `email_verified_at` timestamp NULL DEFAULT NULL,
  `password` varchar(255) COLLATE utf8mb4_unicode_ci NOT NULL,
  `account_type` varchar(30) COLLATE utf8mb4_unicode_ci DEFAULT 'Personnel',
  `profile_image` longblob DEFAULT NULL,
  `remember_token` varchar(100) COLLATE utf8mb4_unicode_ci DEFAULT NULL,
  `created_at` timestamp NULL DEFAULT NULL,
  `updated_at` timestamp NULL DEFAULT NULL,
  PRIMARY KEY (`id`),
  UNIQUE KEY `users_email_unique` (`email`)
) ENGINE=InnoDB AUTO_INCREMENT=12 DEFAULT CHARSET=utf8mb4 COLLATE=utf8mb4_unicode_ci;

-- Dumping data for table denr_pportal.users: ~9 rows (approximately)
REPLACE INTO `users` (`id`, `firstname`, `middlename`, `lastname`, `date_of_birth`, `gender`, `contact_no`, `email`, `email_verified_at`, `password`, `account_type`, `profile_image`, `remember_token`, `created_at`, `updated_at`) VALUES
	(2, 'Albert Neil', 'Dela Cruz', 'Bandiola', '1991-05-04', 'Male', '09989762395', 'adbandiola@denr.gov.ph', NULL, '$2y$10$tNKaZAE9giCEmfiWZ43uW.gNDxGDJHasPCBHQYNJIDKRUmbEOJBF.', 'Personnel', _binary 0x323032322d416c626572745f4e65696c5f44656c615f4372757a5f42616e64696f6c612e6a7067, NULL, '2022-03-29 22:59:14', '2022-06-13 18:37:40'),
	(3, 'danrick', 'cubal', 'tekiko', '1996-11-15', 'Male', '09199533529', 'dcode0516@gmail.com', NULL, '$2y$10$btfsqX18b16sBtpyEknZUerDkBGcaih3B6EPN8N87BOnOMw31IMzC', 'Personnel', NULL, NULL, '2022-04-28 18:49:17', '2022-04-28 18:49:17'),
	(4, 'Ma. Mercedes', 'V', 'Dumagan', '1994-06-21', 'Female', '09123456789', 'ejbarquin@gmail.com', NULL, '$2y$10$/vlHzxr7XM.wGr3alwS0eOSEuWw/ngE0OA83E6DtLVdBBQ7B6YDTS', 'ARED MS', _binary 0x323032322d456c6d61725f4a616e655f485f4261727175696e2e6a7067, NULL, '2022-05-11 17:06:41', '2022-06-13 23:52:00'),
	(5, 'Luningning', 'M', 'Dalayon', '1967-07-12', 'Female', '09123456789', 'planning@gmail.com', NULL, '$2y$10$vgpRX8ho7s928MDR6/w35eAUsKri9XC1s59dDm0fdVSNbE6LvCpNu', 'Division Chief', NULL, NULL, '2022-05-12 21:07:38', '2022-05-12 21:07:38'),
	(6, 'Henry', 'G', 'Yap', '1956-04-12', 'Male', '09123456789', 'henryyap@gmail.com', NULL, '$2y$10$6V9RPH.n0Akvr5xPwaHH6u4uh5fP6Rhz2xBK7CHVbPz.9C2rpyp8O', 'CENRO', NULL, NULL, '2022-05-12 22:17:08', '2022-05-12 22:17:08'),
	(7, 'Amelda', 'D', 'Vera Cruz', '1960-04-12', 'Female', '09555555556', 'penroddn@gmail.com', NULL, '$2y$10$macIZ/G484.3rn5TX0ukwuUhNwPHEs2KLD42QQQeCPvbFY9KiXsRC', 'PENRO', NULL, NULL, '2022-05-16 21:26:21', '2022-05-16 21:26:21'),
	(8, 'Victor', 'T', 'Billones', '1961-08-16', 'Male', '09123456789', 'aredts@gmail.com', NULL, '$2y$10$viOcUA07NvuEyJV/7V.4zuH3pJj7qbjSBxlkDm.73qn4SQYhWIOrm', 'ARED TS', NULL, NULL, '2022-05-17 16:49:09', '2022-05-17 16:49:09'),
	(9, 'Faith Kerry', 'P', 'Baquirquir', '1993-02-05', 'Female', '09123456789', 'faithkerry@gmail.com', NULL, '$2y$10$LIjyERh.DDgQh53tRCOQq.TKK4Cibh5Thv/faz0ONKOSQIQ9kSZVu', 'Personnel', NULL, NULL, '2022-05-17 18:57:30', '2022-05-17 18:57:30'),
	(10, 'Myrna Erlinda', 'D', 'Arbiol', '2017-05-09', 'Female', '09123456789', 'cdd@gmail.com', NULL, '$2y$10$oV/zPQZ7j/Xu6j/.B4cuBO0WWJPC4Yy1/xCrrAIefAa21VtKJshJO', 'Division Chief', NULL, NULL, '2022-05-17 19:03:31', '2022-05-17 19:03:31'),
	(11, 'Bagani Fidel', 'A', 'Evasco', '2022-05-03', 'Male', '09123456789', 'ored@gmail.com', NULL, '$2y$10$66U7LXXpzqhL38OmstvoS.9dbXo0xI6yxHTykab1yMj91CPLsgL06', 'ORED', NULL, NULL, '2022-06-07 23:02:58', '2022-06-07 23:02:58');

/*!40103 SET TIME_ZONE=IFNULL(@OLD_TIME_ZONE, 'system') */;
/*!40101 SET SQL_MODE=IFNULL(@OLD_SQL_MODE, '') */;
/*!40014 SET FOREIGN_KEY_CHECKS=IFNULL(@OLD_FOREIGN_KEY_CHECKS, 1) */;
/*!40101 SET CHARACTER_SET_CLIENT=@OLD_CHARACTER_SET_CLIENT */;
/*!40111 SET SQL_NOTES=IFNULL(@OLD_SQL_NOTES, 1) */;
