-- --------------------------------------------------------
-- Host:                         127.0.0.1
-- Server version:               10.4.22-MariaDB - mariadb.org binary distribution
-- Server OS:                    Win64
-- HeidiSQL Version:             12.0.0.6468
-- --------------------------------------------------------

/*!40101 SET @OLD_CHARACTER_SET_CLIENT=@@CHARACTER_SET_CLIENT */;
/*!40101 SET NAMES utf8 */;
/*!50503 SET NAMES utf8mb4 */;
/*!40103 SET @OLD_TIME_ZONE=@@TIME_ZONE */;
/*!40103 SET TIME_ZONE='+00:00' */;
/*!40014 SET @OLD_FOREIGN_KEY_CHECKS=@@FOREIGN_KEY_CHECKS, FOREIGN_KEY_CHECKS=0 */;
/*!40101 SET @OLD_SQL_MODE=@@SQL_MODE, SQL_MODE='NO_AUTO_VALUE_ON_ZERO' */;
/*!40111 SET @OLD_SQL_NOTES=@@SQL_NOTES, SQL_NOTES=0 */;

-- Dumping structure for table denr_monitoring.activities
CREATE TABLE IF NOT EXISTS `activities` (
  `id` bigint(20) unsigned NOT NULL AUTO_INCREMENT,
  `division_id` int(10) unsigned NOT NULL,
  `other_dept_id` varchar(255) COLLATE utf8mb4_unicode_ci DEFAULT NULL,
  `activity` varchar(255) COLLATE utf8mb4_unicode_ci NOT NULL,
  `with_sub_activity` varchar(255) COLLATE utf8mb4_unicode_ci NOT NULL DEFAULT 'No',
  `amount` bigint(20) NOT NULL DEFAULT 0,
  `allotment` bigint(20) NOT NULL DEFAULT 0,
  `created_at` timestamp NULL DEFAULT NULL,
  `updated_at` timestamp NULL DEFAULT NULL,
  PRIMARY KEY (`id`)
) ENGINE=InnoDB AUTO_INCREMENT=20 DEFAULT CHARSET=utf8mb4 COLLATE=utf8mb4_unicode_ci;

-- Dumping data for table denr_monitoring.activities: ~19 rows (approximately)
REPLACE INTO `activities` (`id`, `division_id`, `other_dept_id`, `activity`, `with_sub_activity`, `amount`, `allotment`, `created_at`, `updated_at`) VALUES
	(1, 6, '', '1.2 HUMAN RESOURCES DEVELOPMENT', 'Yes', 3978000, 3978000, '2022-04-03 23:45:59', '2022-04-03 23:59:12'),
	(2, 15, '', '2.1.Data Management including Systems Development and Maintenance', 'Yes', 540000, 540000, '2022-04-04 17:34:16', '2022-04-04 17:35:14'),
	(3, 2, '', '2.2. Production and Dissemination of Technical and Popular Materials in the Conservation and Development of Natural Resources Including Environment Education', 'Yes', 1731000, 1731000, '2022-04-04 18:29:09', '2022-04-04 18:30:26'),
	(4, 8, '', '2.3. Legal Services including operations against unlawful titling of public land', 'Yes', 1388000, 1388000, '2022-04-04 21:15:21', '2022-04-04 21:15:56'),
	(5, 3, '', '2.4.1.DIWALWAL TASK FORCE AND PMCC', 'Yes', 7498500, 7500000, '2022-04-04 22:10:44', '2022-04-05 01:44:30'),
	(6, 9, '', '2.4.2. MinDA RELATED ACTIVITIES', 'Yes', 500000, 500000, '2022-04-05 19:34:03', '2022-04-05 19:34:48'),
	(7, 9, '', '2.4.3.BIMP-EAGA ACTIVITIES', 'Yes', 2354000, 2354000, '2022-04-05 19:50:16', '2022-04-05 19:51:07'),
	(8, 9, '', '2.4.4. Support to the Monitoring & Assessment of Completed Foreign Assisted Projects and for the packaging of new special projects', 'Yes', 500000, 500000, '2022-04-05 21:10:30', '2022-04-05 21:11:15'),
	(9, 9, '10, 12', '2.5.Formulation and monitoring of ENR Sector policies, plans, programs and projects', 'Yes', 4515000, 4515000, '2022-04-05 21:29:21', '2022-04-05 21:40:07'),
	(10, 11, '12,11, 13', '3.1.1. Natural Resources Management Arrangement and Permit Issuance', 'Yes', 10606000, 10606000, '2022-04-05 23:34:42', '2022-04-06 17:32:37'),
	(11, 11, '11', '3.1.2.Operations against illegal environment and natural resources activities', 'Yes', 1020000, 1020000, '2022-04-06 17:26:12', '2022-04-06 19:01:26'),
	(12, 10, '21,20,10', '3.2.1. Protected Areas, Caves and Wetlands Development and Management Sub-Program', 'Yes', 16190000, 16190000, '2022-04-06 21:22:15', '2022-04-06 21:24:26'),
	(13, 10, '21', '3.2.1. Protected Areas, Caves and Wetlands Development and Management Sub-Program - CO', 'Yes', 2280000, 2280000, '2022-04-06 21:23:26', '2022-04-06 21:26:53'),
	(14, 12, '13,12', '3.2.2. Land Survey, Disposition and Records Management', 'Yes', 7370000, 7370000, '2022-04-07 00:40:28', '2022-04-07 00:41:42'),
	(15, 10, '', '3.2.3. Forest Development, Rehabilitation Maintenance and Protection (E-NGP)', 'Yes', 4112000, 4112000, '2022-04-07 17:41:31', '2022-04-07 17:42:13'),
	(16, 10, '', '3.2.3. Forest Development, Rehabilitation Maintenance and Protection (E-NGP) - CO', 'Yes', 200000, 200000, '2022-04-07 17:43:41', '2022-04-07 17:44:22'),
	(17, 10, '12', '3.2.4. Soil Conservation and Watershed Management Including River Basin Management and Development', 'Yes', 3465000, 3465000, '2022-04-07 17:55:53', '2022-04-07 18:04:01'),
	(18, 10, NULL, '3.2.4. Soil Conservation and Watershed Management Including River Basin Management and Development - CO', 'Yes', 14650000, 14650000, '2022-04-07 17:56:07', '2022-04-07 17:57:57'),
	(19, 10, '', '3.3 Enviroment and Natural Resources Resiliency Program', 'Yes', 1200000, 1200000, '2022-04-07 19:39:46', '2022-04-07 19:40:24');

-- Dumping structure for table denr_monitoring.divisions
CREATE TABLE IF NOT EXISTS `divisions` (
  `id` bigint(20) unsigned NOT NULL AUTO_INCREMENT,
  `division_chief` varchar(255) COLLATE utf8mb4_unicode_ci NOT NULL,
  `chargeable_division` varchar(255) COLLATE utf8mb4_unicode_ci NOT NULL,
  `under` varchar(255) COLLATE utf8mb4_unicode_ci NOT NULL,
  `dept` varchar(255) COLLATE utf8mb4_unicode_ci DEFAULT NULL,
  `created_at` timestamp NULL DEFAULT NULL,
  `updated_at` timestamp NULL DEFAULT NULL,
  PRIMARY KEY (`id`)
) ENGINE=InnoDB AUTO_INCREMENT=22 DEFAULT CHARSET=utf8mb4 COLLATE=utf8mb4_unicode_ci;

-- Dumping data for table denr_monitoring.divisions: ~20 rows (approximately)
REPLACE INTO `divisions` (`id`, `division_chief`, `chargeable_division`, `under`, `dept`, `created_at`, `updated_at`) VALUES
	(1, 'BAGANI FIDEL A. EVASCO', 'Office of the Regional Executive Director', 'HEAD', 'ORED', '2020-03-11 01:13:06', '2021-03-03 00:47:37'),
	(2, 'JAYVEE JUDE V. AGAS', 'Office of the Regional Executive Director - RSCIG', 'ORED', NULL, '2020-03-11 01:13:06', '2020-03-11 01:13:06'),
	(3, '', 'Office of the Regional Executive Director - PMCC', 'ORED', NULL, '2020-03-11 01:13:06', '2020-03-11 01:13:06'),
	(4, 'ATTY. MA. MERCEDES V. DUMAGAN', 'ARED for Management Services', 'HEAD', 'MS', '2020-03-11 01:13:06', '2020-03-11 01:13:06'),
	(5, 'MARCIA G. ISIP', 'ARED for Technical Services', 'HEAD', 'TS', '2020-03-11 01:13:06', '2020-03-11 01:13:06'),
	(6, 'ATTY. CHELIN JOAN G. SONZA-ALUG', 'Administrative Division - Human Resource Development', 'MS', NULL, '2020-03-11 01:13:06', '2022-04-04 17:22:33'),
	(7, 'JUDITH C. ABRENICA', 'Finance Division', 'MS', NULL, '2020-03-11 01:13:06', '2020-03-11 01:13:06'),
	(8, 'ATTY. IRIS PAULINE TAGANAS-BACALTOS', 'Legal Division', 'MS', NULL, '2020-03-11 01:13:06', '2020-03-11 01:13:06'),
	(9, 'LUNINGNING M. DALAYON', 'Planning and Management Division', 'MS', NULL, '2020-03-11 01:13:06', '2022-04-04 16:04:48'),
	(10, 'MYRNA ERLINDA D. ARBIOL', 'Conservation and Development Division', 'TS', NULL, '2020-03-11 01:13:06', '2020-03-11 01:13:06'),
	(11, 'RAUL M. TAMBILAWAN', 'Enforcement Division', 'TS', NULL, '2020-03-11 01:13:06', '2020-03-11 01:13:06'),
	(12, 'CATHERINE E. ORELLAN', 'Licenses, Patents and Deeds Division', 'TS', NULL, '2020-03-11 01:13:06', '2020-03-11 01:13:06'),
	(13, 'ENGR. ISIDRO P. GUARRA', 'Survey Mapping Division', 'TS', NULL, '2020-03-11 01:13:06', '2021-04-12 19:27:40'),
	(15, 'LUNINGNING M. DALAYON', 'Planning and Management Division - Regional ICT Unit', 'MS', NULL, '2022-04-04 16:04:31', '2022-04-04 17:21:51'),
	(16, 'ATTY. CHELIN JOAN G. SONZA-ALUG', 'Administrative Division', 'MS', NULL, '2022-04-04 17:15:36', '2022-04-04 17:15:36'),
	(17, 'LUNINGNING M. DALAYON', 'Planning and Management Division - Planning and Programming', 'MS', NULL, '2022-04-04 17:21:04', '2022-04-04 17:21:04'),
	(18, 'LUNINGNING M. DALAYON', 'Planning and Management Division - Monitoring and Evaluation', 'MS', NULL, '2022-04-04 17:21:32', '2022-04-04 17:21:32'),
	(19, 'ATTY. CHELIN JOAN G. SONZA-ALUG', 'Administrative Division - Personnel', 'MS', NULL, '2022-04-04 17:27:00', '2022-04-04 17:27:00'),
	(20, 'MYRNA ERLINDA D. ARBIOL', 'Conservation and Development Division - CRFMS', '', NULL, '2022-04-06 21:17:34', '2022-04-06 21:17:34'),
	(21, 'MYRNA ERLINDA D. ARBIOL', 'Conservation and Development Division - PAMBCS', '', NULL, '2022-04-06 21:19:31', '2022-04-06 21:19:31');

-- Dumping structure for table denr_monitoring.downloaded_funds
CREATE TABLE IF NOT EXISTS `downloaded_funds` (
  `id` int(11) NOT NULL AUTO_INCREMENT,
  `activity_id` int(11) DEFAULT NULL,
  `sub_activity_id` int(11) DEFAULT NULL,
  `grand_activity_id` int(11) DEFAULT NULL,
  `downloaded_date` datetime DEFAULT NULL,
  `amount` decimal(20,2) DEFAULT NULL,
  `downloaded_to` varchar(50) DEFAULT NULL,
  `created_at` timestamp NULL DEFAULT NULL,
  `updated_at` timestamp NULL DEFAULT NULL,
  `deleted_at` timestamp NULL DEFAULT NULL,
  PRIMARY KEY (`id`)
) ENGINE=InnoDB AUTO_INCREMENT=5 DEFAULT CHARSET=latin1;

-- Dumping data for table denr_monitoring.downloaded_funds: ~0 rows (approximately)

-- Dumping structure for table denr_monitoring.emfs
CREATE TABLE IF NOT EXISTS `emfs` (
  `id` bigint(20) unsigned NOT NULL AUTO_INCREMENT,
  `emf_id` varchar(255) COLLATE utf8mb4_unicode_ci DEFAULT NULL,
  `date_obligated` varchar(255) COLLATE utf8mb4_unicode_ci NOT NULL DEFAULT 'Waiting for approval',
  `date_disbursed` varchar(255) COLLATE utf8mb4_unicode_ci NOT NULL DEFAULT 'Waiting for approval',
  `created_at` timestamp NULL DEFAULT NULL,
  `updated_at` timestamp NULL DEFAULT NULL,
  `deleted_at` timestamp NULL DEFAULT NULL,
  `status` varchar(255) COLLATE utf8mb4_unicode_ci NOT NULL DEFAULT 'On process',
  `budgetuser_id` int(11) DEFAULT NULL,
  `acctnguser_id` int(11) DEFAULT NULL,
  `ors_number` varchar(255) COLLATE utf8mb4_unicode_ci DEFAULT NULL,
  `ada_number` varchar(255) COLLATE utf8mb4_unicode_ci DEFAULT NULL,
  `totalamount` varchar(255) COLLATE utf8mb4_unicode_ci NOT NULL,
  `department` varchar(255) COLLATE utf8mb4_unicode_ci NOT NULL,
  `budget_status` varchar(255) COLLATE utf8mb4_unicode_ci NOT NULL DEFAULT 'Pending',
  PRIMARY KEY (`id`)
) ENGINE=InnoDB AUTO_INCREMENT=7 DEFAULT CHARSET=utf8mb4 COLLATE=utf8mb4_unicode_ci;

-- Dumping data for table denr_monitoring.emfs: ~0 rows (approximately)

-- Dumping structure for table denr_monitoring.emf_division_lists
CREATE TABLE IF NOT EXISTS `emf_division_lists` (
  `id` bigint(20) unsigned NOT NULL AUTO_INCREMENT,
  `emf_id` int(11) NOT NULL,
  `division_id` int(11) NOT NULL,
  `activity_id` int(11) NOT NULL,
  `subactivity_id` int(11) DEFAULT NULL,
  `grand_id` int(10) unsigned DEFAULT NULL,
  `head_id` int(11) NOT NULL,
  `amount` int(11) NOT NULL,
  `division_name` varchar(255) COLLATE utf8mb4_unicode_ci NOT NULL,
  `activity_name` varchar(255) COLLATE utf8mb4_unicode_ci NOT NULL,
  `sub_activity_name` varchar(255) COLLATE utf8mb4_unicode_ci DEFAULT NULL,
  `grand_name` varchar(255) COLLATE utf8mb4_unicode_ci DEFAULT NULL,
  `payee` varchar(255) COLLATE utf8mb4_unicode_ci NOT NULL,
  `remarks` varchar(255) COLLATE utf8mb4_unicode_ci NOT NULL,
  `were` varchar(255) COLLATE utf8mb4_unicode_ci NOT NULL,
  `emf_type` varchar(255) COLLATE utf8mb4_unicode_ci NOT NULL,
  `budget_status` varchar(255) COLLATE utf8mb4_unicode_ci NOT NULL DEFAULT 'Pending',
  `budget_id` int(10) unsigned DEFAULT NULL,
  `ors_number` varchar(255) COLLATE utf8mb4_unicode_ci DEFAULT NULL,
  `amount_obligated` int(11) DEFAULT NULL,
  `date_obligated` varchar(255) COLLATE utf8mb4_unicode_ci DEFAULT NULL,
  `acctg_status` varchar(255) COLLATE utf8mb4_unicode_ci NOT NULL DEFAULT 'Pending',
  `amount_disbursed` int(11) DEFAULT NULL,
  `acct_id` int(10) unsigned DEFAULT NULL,
  `date_disbursed` varchar(255) COLLATE utf8mb4_unicode_ci DEFAULT NULL,
  `ada_number` varchar(255) COLLATE utf8mb4_unicode_ci DEFAULT NULL,
  `returned_reason` text COLLATE utf8mb4_unicode_ci DEFAULT NULL,
  `returned_date` timestamp NULL DEFAULT NULL,
  `complied_remarks` text COLLATE utf8mb4_unicode_ci DEFAULT NULL,
  `complied_date` datetime DEFAULT NULL,
  `created_at` timestamp NULL DEFAULT NULL,
  `updated_at` timestamp NULL DEFAULT NULL,
  PRIMARY KEY (`id`)
) ENGINE=InnoDB AUTO_INCREMENT=4 DEFAULT CHARSET=utf8mb4 COLLATE=utf8mb4_unicode_ci;

-- Dumping data for table denr_monitoring.emf_division_lists: ~0 rows (approximately)

-- Dumping structure for table denr_monitoring.failed_jobs
CREATE TABLE IF NOT EXISTS `failed_jobs` (
  `id` bigint(20) unsigned NOT NULL AUTO_INCREMENT,
  `connection` text COLLATE utf8mb4_unicode_ci NOT NULL,
  `queue` text COLLATE utf8mb4_unicode_ci NOT NULL,
  `payload` longtext COLLATE utf8mb4_unicode_ci NOT NULL,
  `exception` longtext COLLATE utf8mb4_unicode_ci NOT NULL,
  `failed_at` timestamp NOT NULL DEFAULT current_timestamp(),
  PRIMARY KEY (`id`)
) ENGINE=InnoDB DEFAULT CHARSET=utf8mb4 COLLATE=utf8mb4_unicode_ci;

-- Dumping data for table denr_monitoring.failed_jobs: ~0 rows (approximately)

-- Dumping structure for table denr_monitoring.grand_sub_activities
CREATE TABLE IF NOT EXISTS `grand_sub_activities` (
  `id` bigint(20) unsigned NOT NULL AUTO_INCREMENT,
  `sub_id` int(10) unsigned NOT NULL,
  `grand_sub_activity` varchar(255) COLLATE utf8mb4_unicode_ci NOT NULL,
  `with_amount` varchar(5) COLLATE utf8mb4_unicode_ci NOT NULL,
  `amount` bigint(20) DEFAULT NULL,
  `allotment` bigint(20) DEFAULT NULL,
  `created_at` timestamp NULL DEFAULT NULL,
  `updated_at` timestamp NULL DEFAULT NULL,
  PRIMARY KEY (`id`)
) ENGINE=InnoDB AUTO_INCREMENT=264 DEFAULT CHARSET=utf8mb4 COLLATE=utf8mb4_unicode_ci;

-- Dumping data for table denr_monitoring.grand_sub_activities: ~256 rows (approximately)
REPLACE INTO `grand_sub_activities` (`id`, `sub_id`, `grand_sub_activity`, `with_amount`, `amount`, `allotment`, `created_at`, `updated_at`) VALUES
	(1, 1, 'a. Training for Coaching and Mentoring (Webinar)', 'Yes', 36000, 36000, '2022-04-03 23:59:57', '2022-04-03 23:59:57'),
	(2, 1, 'b. Webinar on ENR Basic Course (2 batches)', 'Yes', 440000, 440000, '2022-04-04 00:00:21', '2022-04-04 00:00:21'),
	(3, 1, 'c. Webinar on ENR Frontline Course (3 batches)', 'Yes', 514000, 514000, '2022-04-04 00:00:55', '2022-04-04 00:00:55'),
	(4, 1, 'd. On-boarding and Orientation for Newly Hired Regular Employees', 'Yes', 53000, 53000, '2022-04-04 00:01:43', '2022-04-04 00:01:43'),
	(5, 1, 'e. Specialized Course on Environmental Law Enforcement', 'Yes', 100000, 100000, '2022-04-04 00:03:05', '2022-04-04 00:03:05'),
	(6, 1, 'g. Implementation of PRAISE activities (Salamat Mabuhay Program, Recognition of personnel during Envi. Month)', 'Yes', 174000, 174000, '2022-04-04 00:22:21', '2022-04-04 00:22:21'),
	(7, 1, 'h. Capacity Building on Manadanas Ruling', 'Yes', 100000, 100000, '2022-04-04 00:23:02', '2022-04-04 00:23:02'),
	(8, 1, 'i.1 Regional and Provincial Finance Personnel', 'Yes', 36000, 36000, '2022-04-04 00:23:43', '2022-04-04 00:23:43'),
	(9, 1, 'i.2 Webinar on Integrity Management Program', 'Yes', 36000, 36000, '2022-04-04 00:24:04', '2022-04-04 00:24:04'),
	(10, 1, 'i.3 Capacity Enhancement for Planning Officers and other Technical  Personnel', 'Yes', 36000, 36000, '2022-04-04 00:24:29', '2022-04-04 00:24:29'),
	(11, 1, 'i.4 Capacity Enhancement for  Administrative Selected Personnel', 'Yes', 112000, 112000, '2022-04-04 00:25:00', '2022-04-04 00:25:00'),
	(12, 1, 'i.5 Capacity Enhancement for Management Services and Support Personnel', 'Yes', 112000, 112000, '2022-04-04 00:25:24', '2022-04-04 00:25:24'),
	(13, 1, '2. Assistance/coordination in the conduct of learning programs from other sectors/divisions', 'Yes', 4000, 4000, '2022-04-04 00:25:48', '2022-04-04 00:25:48'),
	(14, 1, '3. Conduct of and assistance to meetings/workshops/ conferences/forums', 'Yes', 4000, 4000, '2022-04-04 00:26:08', '2022-04-04 00:26:08'),
	(15, 2, 'Alcohol (48 pcs per Office, 12/quarter/office)', 'Yes', 231000, 231000, '2022-04-04 00:30:02', '2022-04-04 00:30:02'),
	(16, 2, 'Vitamin C + Zinc (1box/employee)', 'Yes', 109000, 109000, '2022-04-04 00:30:25', '2022-04-04 00:30:25'),
	(17, 2, 'Air Purifier (2 pcs per office)', 'Yes', 26000, 26000, '2022-04-04 00:30:47', '2022-04-04 00:30:47'),
	(18, 2, 'Surgical Mask, 3 ply Medical Grade (2 boxes/employee)', 'Yes', 69000, 69000, '2022-04-04 00:31:17', '2022-04-04 00:31:17'),
	(19, 2, '2. Webinar on Mental Health and Wellness Amidst COVID-19 Pandemic', 'Yes', 65000, 65000, '2022-04-04 00:32:07', '2022-04-04 00:32:07'),
	(20, 3, '1. Evaluation and processing of Foreign and Local Scholarship', 'Yes', 8000, 8000, '2022-04-04 00:38:00', '2022-04-04 00:38:00'),
	(21, 3, '2. Assistance in the administration/facilitation of CESPES', 'Yes', 1000, 1000, '2022-04-04 00:39:00', '2022-04-04 00:39:00'),
	(22, 3, '3. Assistance in the preparation of CESPES of CESO eligibles', 'Yes', 1000, 1000, '2022-04-04 00:39:28', '2022-04-04 00:39:28'),
	(23, 3, '4. Staff development', 'Yes', 150000, 150000, '2022-04-04 00:39:57', '2022-04-04 00:39:57'),
	(24, 4, '1. Monitoring and Evaluation (M&E) of graduates/trainees of DENR learning programs', 'Yes', 60000, 60000, '2022-04-04 00:42:56', '2022-04-04 00:42:56'),
	(25, 4, '2. Monitoring and Evaluation (M&E) and assistance of grantees under Local & Foreign Scholarship Programs', 'Yes', 12000, 12000, '2022-04-04 00:43:25', '2022-04-04 00:43:25'),
	(26, 4, '3. Conduct of Learning Needs Analysis/Assessment (LNA)', 'Yes', 60000, 60000, '2022-04-04 00:43:39', '2022-04-04 00:43:39'),
	(27, 5, '1. Implementation of workshops, conferences, forums and the like activities to external client and partner agencies and other offices', 'Yes', 8000, 8000, '2022-04-04 15:24:47', '2022-04-04 15:24:47'),
	(28, 5, '2. Preparation of Learning and Development (L&D) Plan', 'Yes', 4000, 4000, '2022-04-04 15:25:11', '2022-04-04 15:25:11'),
	(29, 5, '3. Preparation of Monthly Accomplishment Report', 'Yes', 4000, 4000, '2022-04-04 15:25:32', '2022-04-04 15:25:32'),
	(30, 5, '4. Preparation of Annual Narrative Report', 'Yes', 4000, 4000, '2022-04-04 15:26:25', '2022-04-04 15:26:25'),
	(31, 5, '5. Preparation of Project Procurement Management Plan (PPMP)', 'Yes', 4000, 4000, '2022-04-04 15:27:43', '2022-04-04 15:27:43'),
	(32, 5, '6. Encoding/updating of HR interventions attended by Employees (HRIS) Permanent-868; Casuals- 15)', 'Yes', 4000, 4000, '2022-04-04 15:28:05', '2022-04-04 15:28:05'),
	(33, 5, '7. Report preparation of Learning Programs attended/conducted', 'Yes', 12000, 12000, '2022-04-04 15:28:37', '2022-04-04 15:28:37'),
	(34, 6, '1. Inventory of Equipment, Properties, Furnitures and Fixtures', 'Yes', 1000, 1000, '2022-04-04 15:43:34', '2022-04-04 15:43:34'),
	(35, 6, '2. Preparation of Vouchers with all attachments', 'Yes', 8000, 8000, '2022-04-04 15:44:03', '2022-04-04 15:44:03'),
	(36, 6, '3. Preparation of Activity Designs & Other Supporting Documents', 'Yes', 8000, 8000, '2022-04-04 15:44:26', '2022-04-04 15:44:26'),
	(37, 6, '4. Actions on documents/requests', 'Yes', 8000, 8000, '2022-04-04 15:44:55', '2022-04-04 15:44:55'),
	(38, 6, '5. Hiring of Job Orders (Administrative Aide)', 'Yes', 663000, 663000, '2022-04-04 15:45:15', '2022-04-04 15:45:15'),
	(39, 7, '1. Fixed expenditures', 'Yes', 215000, 215000, '2022-04-04 15:51:25', '2022-04-04 15:51:25'),
	(40, 7, '2. Support to GAD', 'Yes', 260000, 260000, '2022-04-04 15:51:51', '2022-04-04 15:51:51'),
	(41, 7, '3. Youth/Senior Citizen/Disabled', 'Yes', 38000, 38000, '2022-04-04 15:53:44', '2022-04-04 15:53:44'),
	(42, 7, '4. 5% Contingency', 'Yes', 188000, 188000, '2022-04-04 15:54:07', '2022-04-04 15:54:07'),
	(43, 12, '5.1. Consolidation and Submission of Annual Statistical Profile', 'Yes', 15000, 15000, '2022-04-04 18:17:30', '2022-04-04 18:17:30'),
	(44, 12, '5.2. Attendance to Statistics related events', 'Yes', 76000, 76000, '2022-04-04 18:17:58', '2022-04-04 18:17:58'),
	(45, 13, '6.1. Maintenance and Updating of DENR Region 11 Website', 'Yes', 12000, 12000, '2022-04-04 18:20:18', '2022-04-04 18:20:18'),
	(46, 13, '6.2 Maintenance of Information Systems', 'Yes', 27000, 27000, '2022-04-04 18:20:39', '2022-04-04 18:20:39'),
	(47, 14, '1.a. Production of editorial materials', 'No', NULL, NULL, '2022-04-04 18:32:39', '2022-04-04 18:32:39'),
	(48, 14, '1.b. TV and Radio Guestings', 'No', NULL, NULL, '2022-04-04 18:34:46', '2022-04-04 18:34:46'),
	(49, 14, '1.c. Radio and Television Shows', 'No', NULL, NULL, '2022-04-04 18:35:26', '2022-04-04 18:35:26'),
	(50, 15, 'Radio Plugs (in local language)', 'Yes', 59000, 59000, '2022-04-04 18:49:48', '2022-04-04 18:49:48'),
	(51, 15, 'Video documentaries on Evironmental Practices', 'Yes', 80000, 80000, '2022-04-04 18:50:28', '2022-04-04 18:50:28'),
	(52, 15, 'Advertisements (Env.Month and all other Env.Related Celebrations-local)', 'Yes', 75000, 75000, '2022-04-04 18:50:56', '2022-04-04 18:50:56'),
	(53, 15, 'Articles on success stories (National Paper)', 'Yes', 60000, 60000, '2022-04-04 18:51:24', '2022-04-04 18:51:24'),
	(54, 15, 'Articles on success stories (Local Paper)', 'Yes', 60000, 60000, '2022-04-04 18:51:56', '2022-04-04 18:51:56'),
	(55, 15, 'Social Media posting (Facebook and Instagram)', 'No', NULL, NULL, '2022-04-04 18:52:37', '2022-04-04 18:52:37'),
	(56, 15, 'Newsletters', 'Yes', 120000, 120000, '2022-04-04 18:53:55', '2022-04-04 18:53:55'),
	(57, 15, 'Pamphlets/Brochures', 'Yes', 150000, 150000, '2022-04-04 18:54:20', '2022-04-04 18:54:20'),
	(58, 15, 'Posters (Call to Action-in Local Dialect)', 'Yes', 90000, 90000, '2022-04-04 18:54:42', '2022-04-04 18:54:42'),
	(59, 15, 'Tarpulins', 'Yes', 12000, 12000, '2022-04-04 18:55:00', '2022-04-04 18:55:00'),
	(60, 15, 'crossbody bag (chest bag)with DENR logo', 'Yes', 240000, 240000, '2022-04-04 18:55:28', '2022-04-04 18:55:28'),
	(61, 15, 'tumbler 400ml (with DENR logo)', 'Yes', 80000, 80000, '2022-04-04 18:55:52', '2022-04-04 18:55:52'),
	(62, 15, 'foldable cutlery with case  (DENR logo)', 'Yes', 30000, 30000, '2022-04-04 18:56:18', '2022-04-04 18:56:18'),
	(63, 15, 'Information Caravan', 'Yes', 40000, 40000, '2022-04-04 19:03:25', '2022-04-04 19:03:25'),
	(64, 15, 'Conduct of IO Meeting', 'Yes', 100000, 100000, '2022-04-04 19:04:04', '2022-04-04 19:04:04'),
	(65, 15, 'Reproduction of IEC Materials (brochures)', 'Yes', 100000, 100000, '2022-04-04 19:04:30', '2022-04-04 19:04:30'),
	(66, 16, '3.a. Press Conferences', 'Yes', 60000, 60000, '2022-04-04 19:06:45', '2022-04-04 19:06:45'),
	(67, 18, 'Photo exhibits', 'Yes', 40000, 40000, '2022-04-04 19:09:09', '2022-04-04 19:09:09'),
	(68, 18, 'MakakaLIKHAsan Photography Contest', 'Yes', 80000, 80000, '2022-04-04 19:09:35', '2022-04-04 19:09:35'),
	(69, 18, 'MakakaLIKHAsan Essay-Writing Contest', 'Yes', 80000, 80000, '2022-04-04 19:10:15', '2022-04-04 19:10:15'),
	(70, 20, '2.a. Administrative', 'Yes', 30000, 30000, '2022-04-04 21:18:43', '2022-04-04 21:18:43'),
	(71, 20, '2.b. ENR-related', 'Yes', 50000, 50000, '2022-04-04 21:19:17', '2022-04-04 21:19:17'),
	(72, 20, '2.c. ADR related activities - Conduct of ADR', 'Yes', 15000, 10000, '2022-04-04 21:19:36', '2022-04-04 21:27:47'),
	(73, 20, '2.c. ADR related activities - Resolution of land disputes/amicably settled based on DAO 2016-30', 'Yes', 10000, 10000, '2022-04-04 21:28:53', '2022-04-04 21:28:53'),
	(74, 20, '2.c. ADR related activities - Resolution of Land Disputes/Cases resolved based on DAO-2016-31', 'Yes', 10000, 10000, '2022-04-04 21:29:46', '2022-04-04 21:29:46'),
	(75, 20, '2.d. Support to DENR Anti-corruption', 'Yes', 100000, 100000, '2022-04-04 21:30:35', '2022-04-04 21:30:35'),
	(76, 25, 'Regular Inventory', 'Yes', 334000, 334000, '2022-04-04 21:45:45', '2022-04-04 21:45:45'),
	(77, 25, 'Disposition', 'No', NULL, NULL, '2022-04-04 21:46:05', '2022-04-04 21:46:05'),
	(78, 31, '1. Coordination meeting with Diwalwal operators and PMDC on Mine and Mill Operating Permit in Diwalwal and Mabatas', 'Yes', 29000, 29000, '2022-04-04 22:25:38', '2022-04-05 01:44:30'),
	(79, 31, '2. Annual Naboc Riverbed sediment sampling', 'Yes', 55000, 55000, '2022-04-04 22:27:06', '2022-04-04 22:27:06'),
	(80, 31, '3. Annual inventory of mine and mill operations in Diwalwal and Mabatas', 'Yes', 55000, 55000, '2022-04-04 22:27:38', '2022-04-04 22:27:38'),
	(81, 31, '4. Procurement of Personal Protective Equipment for Monitoring Crew', 'Yes', 48000, 48000, '2022-04-04 22:28:26', '2022-04-04 22:28:26'),
	(82, 31, '5. Procurement of Monitoring gadgets for Diwalwal and Naboc River  Dredging Operations', 'Yes', 17000, 17000, '2022-04-04 22:29:15', '2022-04-04 22:29:15'),
	(83, 31, '6. Investigation and other miscellaneous activities', 'Yes', 96000, 96000, '2022-04-04 22:30:07', '2022-04-04 22:30:07'),
	(84, 32, '1.a Monitoring of Mercury Recovered', 'Yes', 10000, 10000, '2022-04-04 22:40:05', '2022-04-04 22:40:05'),
	(85, 32, '1.b Monitoring of Permittees Compliance to PD 1586, RA 9275  and RA 6969', 'Yes', 5000, 5000, '2022-04-04 22:40:48', '2022-04-04 22:40:48'),
	(86, 32, '2.a Hiring of Job Order Technical Monitoring Officers', 'Yes', 285000, 285000, '2022-04-04 22:41:40', '2022-04-04 22:41:40'),
	(87, 33, 'Coordination/meeting/briefing with M/BLGUs/ P&Cs/ POs', 'No', NULL, NULL, '2022-04-04 22:50:46', '2022-04-04 22:50:46'),
	(88, 33, 'Reconnaissance/Survey/identification/ delineation of Possible study site (ha.)', 'No', NULL, NULL, '2022-04-04 22:51:02', '2022-04-04 22:51:02'),
	(89, 33, 'Reconnaissance/Survey/ identification/ of high value crops & selected tree species', 'No', NULL, NULL, '2022-04-04 22:51:42', '2022-04-04 22:51:42'),
	(90, 33, 'Characterization/ Baselining', 'No', NULL, NULL, '2022-04-04 22:52:00', '2022-04-04 22:52:00'),
	(91, 33, 'Generation of GIS map of the study site', 'No', NULL, NULL, '2022-04-04 22:52:18', '2022-04-04 22:52:18'),
	(93, 34, 'Conduct of collection, processing and potting of soil media applied with HI-Q VAM 1', 'No', NULL, NULL, '2022-04-05 00:36:53', '2022-04-05 00:36:53'),
	(100, 34, 'Production of planting materials; maintenance of the 450 growing potted planting materials in the nursery', 'No', NULL, NULL, '2022-04-05 00:55:33', '2022-04-05 00:55:33'),
	(101, 35, 'Conduct brushing and staking of study site at 5m x 5m spacing', 'Yes', 20000, 20000, '2022-04-05 15:48:05', '2022-04-05 15:48:05'),
	(102, 36, 'Conduct hole digging and field planting of 375 potted planting materials', 'Yes', 23000, 23000, '2022-04-05 15:52:10', '2022-04-05 15:52:10'),
	(103, 37, 'Site monitoring and maintenance of the study site; assessment of any infestation; Conduct of maintenance activities in the 1ha. study site (Brushing, fertilizer application, restoration of destroyed block boundary markers and plant markers, etc.)', 'Yes', 120000, 120000, '2022-04-05 15:53:09', '2022-04-05 15:53:09'),
	(104, 38, 'Collection of height & diameter growth; Assessment of survival and soil erosion rate', 'No', NULL, NULL, '2022-04-05 15:54:24', '2022-04-05 15:54:24'),
	(105, 38, 'Collection of soil samples for NPK, pH and bulk density determination', 'No', NULL, NULL, '2022-04-05 15:54:42', '2022-04-05 15:54:42'),
	(106, 39, '1. Operationalization of Provincial Task Force Naboc River - Conduct/attendance of/to meetings/consultations among DENR, EMB, MGB, NGA\'s & other stakeholders', 'Yes', 268000, 268000, '2022-04-05 16:02:56', '2022-04-05 16:02:56'),
	(107, 39, '2. On-Site-Monitoring (Monitoring of Dredging Activity)', 'Yes', 252000, 252000, '2022-04-05 16:28:28', '2022-04-05 16:28:28'),
	(108, 39, '3. Updating of Naboc River Rehabilitation Master Plan', 'Yes', 190000, 190000, '2022-04-05 16:29:28', '2022-04-05 16:29:28'),
	(109, 39, '4.  Hiring of Technical Personnel', 'Yes', 160000, 160000, '2022-04-05 16:30:52', '2022-04-05 16:30:52'),
	(110, 39, '5. Maintenance and Repair of Motor Vehicle', 'Yes', 30000, 30000, '2022-04-05 16:32:41', '2022-04-05 16:32:41'),
	(111, 39, '6. Project Monitoring and Supervision', 'Yes', 100000, 100000, '2022-04-05 16:34:24', '2022-04-05 16:34:24'),
	(112, 40, '1. River clean-up Activity within DMRA', 'Yes', 150000, 150000, '2022-04-05 17:32:52', '2022-04-05 17:32:52'),
	(113, 40, '2. Strengthening partnership and collaboration with stakeholders/Environmental partners within DMRA', 'Yes', 75000, 75000, '2022-04-05 17:59:11', '2022-04-05 17:59:11'),
	(114, 40, '3. Support to personnel in the conduct of surveillance within DMRA and monitoring on dredging activity', 'Yes', 269000, 269000, '2022-04-05 18:03:21', '2022-04-05 18:03:21'),
	(115, 40, 'Procurement of Office Supplies & Equipment', 'Yes', 100000, 100000, '2022-04-05 18:07:15', '2022-04-05 18:07:15'),
	(116, 40, 'Fuel, Gasoline', 'Yes', 300000, 300000, '2022-04-05 18:07:36', '2022-04-05 18:07:36'),
	(117, 40, 'Repair and Maintenance of vehicles', 'Yes', 100000, 100000, '2022-04-05 18:07:54', '2022-04-05 18:07:54'),
	(118, 40, 'Hiring of Support Staff/ Job order', 'Yes', 2760000, 2760000, '2022-04-05 18:08:22', '2022-04-05 18:08:22'),
	(119, 41, '1.a. Conduct Checkpoint Operations', 'Yes', 72000, 72000, '2022-04-05 18:28:55', '2022-04-05 18:28:55'),
	(120, 41, '1.b. Conduct Prophylactic Patrols', 'Yes', 72000, 72000, '2022-04-05 18:29:23', '2022-04-05 18:29:23'),
	(121, 41, '1.c  Establish Integrated Territorial Defense System', 'Yes', 56000, 56000, '2022-04-05 18:29:40', '2022-04-05 18:29:40'),
	(122, 41, '1.d  Conduct of operation with Composite Monitoring Team', 'Yes', 20000, 20000, '2022-04-05 18:30:04', '2022-04-05 18:30:04'),
	(123, 42, '2.a Maintenance of vehicale used for monitoring in DMRA', 'Yes', 80000, 80000, '2022-04-05 18:31:16', '2022-04-05 18:31:16'),
	(124, 43, '1.a  Enhancement & Maintenance of Security Station', 'Yes', 40000, 40000, '2022-04-05 18:36:56', '2022-04-05 18:36:56'),
	(125, 43, '1.b  Command & Management Support', 'Yes', 30000, 30000, '2022-04-05 18:37:19', '2022-04-05 18:37:19'),
	(126, 44, '2.a Checkpoints & Strategic location', 'Yes', 40000, 40000, '2022-04-05 18:41:42', '2022-04-05 18:41:42'),
	(127, 44, '2.b Security Patrols/Police Visibility', 'Yes', 28000, 28000, '2022-04-05 18:42:04', '2022-04-05 18:42:04'),
	(128, 44, '2.c Conduct of operation with CMT', 'Yes', 40000, 40000, '2022-04-05 18:42:24', '2022-04-05 18:42:24'),
	(129, 45, '3.a Police Institutional Relation', 'Yes', 40000, 40000, '2022-04-05 18:44:43', '2022-04-05 18:44:43'),
	(130, 45, '3.b Rapport Building with the Community', 'Yes', 28000, 28000, '2022-04-05 18:45:10', '2022-04-05 18:45:10'),
	(131, 46, '4.1 Office Supplies/Equipments', 'Yes', 34000, 34000, '2022-04-05 18:46:43', '2022-04-05 18:46:43'),
	(132, 46, '4.2 Mobility', 'Yes', 20000, 20000, '2022-04-05 18:47:11', '2022-04-05 18:47:11'),
	(133, 47, 'a. Conduct of PMCC Quarterly Regular Meeting (blended-2 small group-Regional Office and PENRO Dvo. De Oro)', 'Yes', 280000, 280000, '2022-04-05 18:54:33', '2022-04-05 18:54:33'),
	(134, 47, 'b. Conduct of Committee Meetings', 'Yes', 240000, 240000, '2022-04-05 18:55:13', '2022-04-05 18:55:13'),
	(135, 48, 'a. Conduct Linkages/Coordination with other Regional and Local Bodies, OP/PMS, and member-agencies', 'Yes', 200000, 200000, '2022-04-05 18:57:12', '2022-04-05 18:57:12'),
	(136, 48, 'b. Webinar / Learning Event on Environmental Laws', 'Yes', 260000, 260000, '2022-04-05 18:57:39', '2022-04-05 18:57:39'),
	(137, 48, 'c. Monitoring of Sand & Gravel/boulders gold and mercury recovered from dredging at Naboc River', 'Yes', 400000, 400000, '2022-04-05 18:58:20', '2022-04-05 18:58:20'),
	(138, 49, 'Emergency Office Supplies', 'Yes', 167000, 167000, '2022-04-05 19:00:11', '2022-04-05 19:00:11'),
	(139, 49, 'Maintenance of Vehicle (Gasoline, Repair, Insurance, etc.)', 'Yes', 80000, 80000, '2022-04-05 19:00:40', '2022-04-05 19:00:40'),
	(140, 50, 'Program Monitoring Coordinating Assistant', 'Yes', 555000, 555000, '2022-04-05 19:02:08', '2022-04-05 19:02:08'),
	(141, 57, 'Attendance to meetings related to Watershed Development Plans', 'Yes', 40000, 40000, '2022-04-05 19:38:35', '2022-04-05 19:38:35'),
	(142, 57, 'Attendance to meetings related to Integrated Management & Development Master Plans/River Basins', 'Yes', 40000, 40000, '2022-04-05 19:39:01', '2022-04-05 19:39:01'),
	(143, 57, 'Attendance to Davao Region Bamboo Council related meetings', 'Yes', 40000, 40000, '2022-04-05 19:39:16', '2022-04-05 19:39:16'),
	(144, 62, 'Strategic Planning Meeting (SPM)', 'Yes', 200000, 200000, '2022-04-05 19:55:51', '2022-04-05 19:55:51'),
	(145, 62, 'Senior Officials Meeting & Ministerial Meeting (SOM/MM)', 'Yes', 200000, 200000, '2022-04-05 19:56:17', '2022-04-05 19:56:17'),
	(146, 62, 'BIMP-EAGA Environment Cluster Meeting', 'Yes', 200000, 200000, '2022-04-05 19:57:03', '2022-04-05 19:57:03'),
	(147, 72, 'Preparation of Regional Work and Financial Plan', 'Yes', 50000, 50000, '2022-04-05 21:41:00', '2022-04-05 21:42:31'),
	(148, 72, 'Review of WFP during the National Programming Workshop', 'Yes', 50000, 50000, '2022-04-05 21:41:29', '2022-04-05 21:42:36'),
	(149, 72, 'Preparation of 3-Year Forward Estimates', 'Yes', 50000, 50000, '2022-04-05 21:42:58', '2022-04-05 21:42:58'),
	(150, 72, 'Preparation of Budget Proposal', 'Yes', 50000, 50000, '2022-04-05 21:43:15', '2022-04-05 21:43:15'),
	(151, 72, 'Preparation of Regional Annual Report', 'Yes', 5000, 5000, '2022-04-05 21:43:39', '2022-04-05 21:43:39'),
	(152, 72, 'Preparation of Monthly Comprehensive Reports', 'Yes', 8000, 8000, '2022-04-05 21:44:02', '2022-04-05 21:44:02'),
	(153, 72, 'Preparation of Quarterly Accomplishment Reports', 'Yes', 8000, 8000, '2022-04-05 21:44:48', '2022-04-05 21:44:48'),
	(154, 72, 'Attendance to Planning Workshops and Conferences', 'Yes', 150000, 150000, '2022-04-05 21:45:11', '2022-04-05 21:45:11'),
	(155, 73, 'Validations conducted w/reports prepared/submitted (no.)', 'Yes', 700000, 700000, '2022-04-05 21:52:07', '2022-04-05 21:52:07'),
	(156, 74, 'Conduct of Consultation with Civil Society Organizations (CSOs)', 'Yes', 50000, 50000, '2022-04-05 22:00:19', '2022-04-05 22:00:19'),
	(157, 74, 'Coordination meeting with P/C on the plans and programs of EMB and MGB', 'Yes', 25000, 25000, '2022-04-05 22:00:46', '2022-04-05 22:00:46'),
	(158, 74, 'Conduct of meeting with P/C Planning Officers', 'Yes', 25000, 25000, '2022-04-05 22:01:09', '2022-04-05 22:01:09'),
	(159, 74, 'Consultation for the formulation of Annual Investment Program (AIP)', 'Yes', 25000, 25000, '2022-04-05 22:01:47', '2022-04-05 22:01:47'),
	(160, 76, 'GIS Specialist', 'Yes', 283000, 283000, '2022-04-05 22:05:24', '2022-04-05 22:05:24'),
	(161, 76, 'Office Support Staff', 'Yes', 214000, 214000, '2022-04-05 22:06:02', '2022-04-05 22:06:02'),
	(162, 76, 'Data Encoder', 'Yes', 170000, 170000, '2022-04-05 22:06:35', '2022-04-05 22:06:35'),
	(163, 88, 'Monitoring of On-going Foreshore Lease Application', 'Yes', 100000, 100000, '2022-04-05 23:19:25', '2022-04-05 23:19:25'),
	(164, 88, 'Project Management & Supervision', 'Yes', 100000, 100000, '2022-04-05 23:19:42', '2022-04-05 23:19:42'),
	(165, 92, 'Maintenance of motor vehicles', 'Yes', 600000, 600000, '2022-04-06 00:26:54', '2022-04-06 00:26:54'),
	(166, 92, 'Maintenance of motorcycle', 'Yes', 20000, 20000, '2022-04-06 00:27:13', '2022-04-06 00:27:13'),
	(167, 92, 'Maintenance/repair of UAV units', 'Yes', 100000, 100000, '2022-04-06 00:27:30', '2022-04-06 00:27:30'),
	(168, 92, 'Conduct para-legal training to DENR personnel w/ CSW Writing and Legal Forms Preparation', 'Yes', 200000, 200000, '2022-04-06 00:31:40', '2022-04-06 00:31:40'),
	(169, 92, 'Continous capacity building in support to Lawin implementation', 'Yes', 200000, 200000, '2022-04-06 00:32:10', '2022-04-06 00:32:10'),
	(170, 92, 'Conduct of Performance Review and strategic planning activity for LAWIN implementation', 'Yes', 200000, 200000, '2022-04-06 00:32:40', '2022-04-06 00:32:40'),
	(171, 92, 'Capacity-Building on Environmental Laws (RA 9003, Clean Air Act & Clean Water Act) for DENR-CENRO Technical personnel including EMB/MGB', 'Yes', 150000, 150000, '2022-04-06 00:33:18', '2022-04-06 00:33:18'),
	(172, 92, 'Apprehension of undocumented forest products including NTFPs, vehicles,quipment and other implements thru proper channels', 'Yes', 100000, 100000, '2022-04-06 00:39:33', '2022-04-06 00:39:33'),
	(173, 92, 'Hauling of apprehended forest products and vehicles to safe places', 'Yes', 300000, 300000, '2022-04-06 00:39:52', '2022-04-06 00:39:52'),
	(174, 94, 'Project Management and Supervision - Enforcement Division', 'Yes', 814000, 814000, '2022-04-06 00:47:47', '2022-04-06 00:51:03'),
	(175, 94, 'Project Management and Supervision - Surveys & Mapping Division', 'Yes', 250000, 250000, '2022-04-06 00:50:42', '2022-04-06 00:50:42'),
	(176, 96, '5% Contingency Fund', 'Yes', 497000, 497000, '2022-04-06 00:54:33', '2022-04-06 00:54:33'),
	(177, 96, 'GAD', 'Yes', 290000, 290000, '2022-04-06 00:54:56', '2022-04-06 00:54:56'),
	(178, 96, 'Youth/ Senior / Disabled', 'Yes', 99000, 99000, '2022-04-06 00:55:17', '2022-04-06 00:55:17'),
	(179, 96, 'IAS', 'Yes', 50000, 50000, '2022-04-06 00:55:37', '2022-04-06 00:55:37'),
	(180, 97, 'Appraisal of Foreshore leases', 'Yes', 17000, 17000, '2022-04-06 01:00:36', '2022-04-06 01:00:36'),
	(181, 97, 'Re-appraisal of Foreshore leases', 'Yes', 6000, 6000, '2022-04-06 01:00:54', '2022-04-06 01:00:54'),
	(182, 97, 'Re-Appraisal of Friar Lands, Patrimonial Properties and Other Government Assets and Properties (no.)', 'Yes', 255000, 255000, '2022-04-06 01:01:27', '2022-04-06 01:01:27'),
	(183, 97, 'Project Management & Supervision & Project Monitoring & Evaluation', 'Yes', 41000, 41000, '2022-04-06 01:02:05', '2022-04-06 01:02:05'),
	(184, 101, 'Wildlife Farm permits', 'Yes', 16000, 16000, '2022-04-06 17:07:22', '2022-04-06 17:07:22'),
	(185, 101, 'CWR Holders', 'Yes', 120000, 120000, '2022-04-06 17:07:42', '2022-04-06 17:07:42'),
	(186, 112, '5% Contingency Fund', 'Yes', 45000, 45000, '2022-04-06 19:07:40', '2022-04-06 19:07:40'),
	(187, 112, 'Youth/ Senior/Disabled Person', 'Yes', 9000, 9000, '2022-04-06 19:07:58', '2022-04-06 19:07:58'),
	(188, 116, 'RTK purchased (no)', 'Yes', 1300000, 1300000, '2022-04-06 21:28:20', '2022-04-06 21:28:20'),
	(189, 116, 'Spotting scope with tripod (no)', 'Yes', 80000, 80000, '2022-04-06 21:28:40', '2022-04-06 21:28:40'),
	(190, 116, 'DSLR Camera with tripod and carry bag (no)', 'Yes', 100000, 100000, '2022-04-06 21:29:00', '2022-04-06 21:29:00'),
	(191, 116, 'Multi-parameter Water Quality Meter/ Horiba (no)', 'Yes', 500000, 500000, '2022-04-06 21:29:26', '2022-04-06 21:29:26'),
	(192, 116, 'Action waterproof/ underwater camera (no)', 'Yes', 50000, 50000, '2022-04-06 21:29:50', '2022-04-06 21:29:50'),
	(193, 116, 'Trail Camera set and accessories (no)', 'Yes', 100000, 100000, '2022-04-06 21:30:12', '2022-04-06 21:30:12'),
	(194, 116, 'Drone Camera (no)', 'Yes', 60000, 60000, '2022-04-06 21:30:33', '2022-04-06 21:30:33'),
	(195, 116, 'Laptop (no)', 'Yes', 40000, 40000, '2022-04-06 21:30:55', '2022-04-06 21:30:55'),
	(196, 116, 'Computer Desktop with printer scanner (unit) (no)', 'Yes', 50000, 50000, '2022-04-06 21:31:13', '2022-04-06 21:31:13'),
	(197, 123, 'Urban biodiversity areas assessment', 'Yes', 250000, 250000, '2022-04-06 21:51:50', '2022-04-06 21:51:50'),
	(198, 124, 'World Wetlands Day', 'Yes', 100000, 100000, '2022-04-06 21:53:46', '2022-04-06 21:53:46'),
	(199, 124, 'World Wildlife Day', 'Yes', 100000, 100000, '2022-04-06 21:54:24', '2022-04-06 21:54:24'),
	(200, 124, 'IDBD', 'Yes', 100000, 100000, '2022-04-06 21:54:45', '2022-04-06 21:54:45'),
	(201, 124, 'Oher Special Events', 'Yes', 100000, 100000, '2022-04-06 21:55:12', '2022-04-06 21:55:12'),
	(202, 141, '1. Monitoring of Corals, Seagrass, & Mangroves', 'Yes', 245000, 245000, '2022-04-06 23:18:17', '2022-04-06 23:18:17'),
	(203, 141, '2. Water Quality Monitoring within Legislated NIPAS PA/ total Actual pollution load on coastal and marine ecosystem w/in PA', 'Yes', 200000, 200000, '2022-04-06 23:18:51', '2022-04-06 23:18:51'),
	(204, 141, '3. Marine Protected Area Networking', 'Yes', 200000, 200000, '2022-04-06 23:19:11', '2022-04-06 23:19:11'),
	(205, 141, '4. Maintenance and protection of coastal and marine ecosystem', 'Yes', 300000, 300000, '2022-04-06 23:19:46', '2022-04-06 23:19:46'),
	(206, 141, '4.b.  Repair and maintenance of equipment', 'Yes', 100000, 100000, '2022-04-06 23:20:20', '2022-04-06 23:20:20'),
	(207, 141, '5. Coastal and Marine Resource Baseline Assessment', 'Yes', 100000, 100000, '2022-04-06 23:20:45', '2022-04-06 23:20:45'),
	(208, 142, '1. Peoples Organizations enhanced w/in the NIPAS MPAs', 'Yes', 1020000, 1020000, '2022-04-06 23:30:23', '2022-04-06 23:30:23'),
	(209, 142, '4. Technical Assistance on the implementation of BDFE (SMARTSEAS)', 'Yes', 200000, 200000, '2022-04-06 23:30:51', '2022-04-06 23:30:51'),
	(210, 144, '1. Technical Assistance to LGUs on coastal and marine related concerns', 'Yes', 50000, 50000, '2022-04-06 23:43:26', '2022-04-06 23:43:26'),
	(211, 144, '2. TA to LGUs on biophysical marine resource assessment', 'Yes', 250000, 250000, '2022-04-06 23:43:51', '2022-04-06 23:43:51'),
	(212, 145, 'Database Management (updating of existing database)', 'Yes', 200000, 200000, '2022-04-06 23:51:30', '2022-04-06 23:51:30'),
	(213, 146, '1. Conduct of Regular Special Events related to coastal and marine protection', 'Yes', 90000, 90000, '2022-04-06 23:57:22', '2022-04-06 23:57:22'),
	(214, 147, 'a. Benchmark certification on ICM Good Practices (Level I,II,III)', 'Yes', 150000, 150000, '2022-04-07 00:01:40', '2022-04-07 00:01:40'),
	(215, 147, 'b. Support on monitoring to ICRMP subprojects (FASP)', 'Yes', 100000, 100000, '2022-04-07 00:02:28', '2022-04-07 00:02:28'),
	(216, 147, '2.  Coral Rehabilitation (SCREMP)', 'Yes', 142000, 142000, '2022-04-07 00:02:50', '2022-04-07 00:02:50'),
	(217, 148, '1. Hiring of CMEMP Extension Officers', 'Yes', 1179000, 1179000, '2022-04-07 00:05:39', '2022-04-07 00:05:39'),
	(218, 148, '2. Hiring of Boat Captain/Crew', 'Yes', 180000, 180000, '2022-04-07 00:06:03', '2022-04-07 00:06:03'),
	(219, 151, '1. Contingency Fund', 'Yes', 269000, 269000, '2022-04-07 00:11:38', '2022-04-07 00:11:38'),
	(220, 151, '2. GAD', 'Yes', 130000, 130000, '2022-04-07 00:12:11', '2022-04-07 00:12:11'),
	(221, 151, '3. Youth/Senior', 'Yes', 54000, 54000, '2022-04-07 00:12:53', '2022-04-07 00:12:53'),
	(222, 151, '4. IAS', 'Yes', 50000, 50000, '2022-04-07 00:13:09', '2022-04-07 00:13:09'),
	(223, 152, '1.2 Agricultural Areas', 'Yes', 62000, 62000, '2022-04-07 00:42:09', '2022-04-07 00:42:09'),
	(224, 152, '1.3 Other Patent Issuances (Misc. Sales Applications (MSA), Sales Applications)', 'Yes', 4000, 4000, '2022-04-07 00:42:34', '2022-04-07 00:42:34'),
	(225, 152, '1.4 Titling of Government lands for public and quasi-public use (Special Patents)', 'Yes', 4000, 4000, '2022-04-07 00:42:59', '2022-04-07 00:42:59'),
	(226, 153, '2.1. Strenghtening partnership with Local Government Units on public land titling', 'Yes', 15000, 15000, '2022-04-07 00:45:13', '2022-04-07 00:45:13'),
	(227, 153, '2.2 Cascading', 'Yes', 80000, 80000, '2022-04-07 00:45:31', '2022-04-07 00:45:31'),
	(228, 153, '2.3. Preparation of Consolidated Cadastral Map (CCM)', 'Yes', 30000, 30000, '2022-04-07 00:45:51', '2022-04-07 00:45:51'),
	(229, 153, '2.4.  Preparation of Land Tenure Profile (LTP)', 'Yes', 612000, 612000, '2022-04-07 00:46:29', '2022-04-07 00:46:29'),
	(230, 157, '7.1. Inspection, Verification and Approval of Survey (IVAS) through LAMS', 'Yes', 825000, 825000, '2022-04-07 00:52:54', '2022-04-07 00:52:54'),
	(231, 157, '7.2. Lot Survey (Residential Area)', 'Yes', 296000, 296000, '2022-04-07 00:53:20', '2022-04-07 00:53:20'),
	(232, 157, '7.3. Public Land Survey ( Agriculture Areas)', 'Yes', 50000, 50000, '2022-04-07 00:53:55', '2022-04-07 00:53:55'),
	(233, 158, '8.1. Digital Cadastral Database (DCDB) cleansing for survey records', 'Yes', 1050000, 1050000, '2022-04-07 16:14:08', '2022-04-07 16:14:08'),
	(234, 158, '8.2. Hiring of Geodetic Engineers', 'Yes', 390000, 390000, '2022-04-07 16:14:34', '2022-04-07 16:14:34'),
	(235, 158, '8.3. Land Records Maintenance', 'Yes', 500000, 500000, '2022-04-07 16:14:57', '2022-04-07 16:14:57'),
	(236, 159, 'Project Monitoring and Evaluation - SMD', 'Yes', 352000, 352000, '2022-04-07 16:17:02', '2022-04-07 16:17:02'),
	(237, 159, 'Project Monitoring and Evaluation - LPDD', 'Yes', 93000, 93000, '2022-04-07 16:17:32', '2022-04-07 16:17:32'),
	(238, 160, 'Project Management & Supervision - SMD', 'Yes', 438000, 438000, '2022-04-07 16:32:46', '2022-04-07 16:32:46'),
	(239, 160, 'Project Management & Supervision - LPDD', 'Yes', 84000, 84000, '2022-04-07 16:33:19', '2022-04-07 16:33:19'),
	(240, 168, 'Davao del Norte (TLRB)', 'Yes', 3663000, 3663000, '2022-04-07 17:58:39', '2022-04-07 17:58:39'),
	(241, 168, 'Davao del Sur', 'Yes', 3663000, 3663000, '2022-04-07 17:58:57', '2022-04-07 17:58:57'),
	(242, 168, '2nd DIstrict (Lasang Watershed)', 'Yes', 3663000, 3663000, '2022-04-07 17:59:19', '2022-04-07 17:59:19'),
	(243, 168, '2nd DIstrict (Sumlog Watershed)', 'Yes', 3663000, 3663000, '2022-04-07 17:59:51', '2022-04-07 17:59:51'),
	(244, 169, '3.1. Updating of IRBMDMPs into Climate Change-Responsive', 'Yes', 40000, 40000, '2022-04-07 18:04:39', '2022-04-07 18:04:39'),
	(245, 169, '3.2.a. Conduct of Execom/Council Meetrings', 'Yes', 40000, 40000, '2022-04-07 18:08:42', '2022-04-07 18:08:42'),
	(246, 169, '3.2.b. Conduct of TWG/Committee Meetings', 'Yes', 120000, 120000, '2022-04-07 18:09:15', '2022-04-07 18:09:15'),
	(247, 169, '3.2.c. Conduct of workshop/consultation with RB stakeholders', 'Yes', 60000, 60000, '2022-04-07 18:09:41', '2022-04-07 18:09:41'),
	(248, 169, '3.3. Strengthening of RBPMO for the implementation of E2RB', 'Yes', 15000, 15000, '2022-04-07 18:10:08', '2022-04-07 18:10:08'),
	(249, 169, '3.4.a. Hiring of Support Staff', 'Yes', 360000, 360000, '2022-04-07 18:11:02', '2022-04-07 18:11:02'),
	(250, 169, '3.4.b. RB Policy Review and Formulation', 'Yes', 15000, 15000, '2022-04-07 18:11:30', '2022-04-07 18:11:30'),
	(251, 169, '3.4.c. Development and Production of IEC', 'Yes', 40000, 40000, '2022-04-07 18:12:27', '2022-04-07 18:12:27'),
	(252, 169, '3.4.d. Monitoring of RB condition', 'Yes', 60000, 60000, '2022-04-07 18:13:01', '2022-04-07 18:13:01'),
	(253, 169, '3.4.e. Conduct of Community Education and Public Awareness (CEPA)', 'Yes', 24000, 24000, '2022-04-07 18:13:49', '2022-04-07 18:13:49'),
	(254, 169, '3.5.a.Supplies', 'Yes', 126000, 126000, '2022-04-07 18:35:50', '2022-04-07 18:35:50'),
	(255, 169, '3.5.b. Project and Monitoring Supervision', 'Yes', 100000, 100000, '2022-04-07 18:36:16', '2022-04-07 18:36:16'),
	(256, 170, '4.1.a. Zentra Cloud', 'Yes', 88000, 88000, '2022-04-07 18:43:24', '2022-04-07 18:43:24'),
	(257, 170, '4.1.b. Hydrosphere', 'Yes', 15000, 15000, '2022-04-07 18:43:49', '2022-04-07 18:43:49'),
	(258, 170, '4.2.a. Professional Services (Laboratory Analysis, services, etc.)', 'Yes', 145000, 145000, '2022-04-07 18:44:21', '2022-04-07 18:44:21'),
	(259, 170, '4.2.b. Hiring of Database Manager for Instrumentation', 'Yes', 252000, 252000, '2022-04-07 18:44:52', '2022-04-07 18:44:52'),
	(260, 172, '5% Contingency Fund', 'Yes', 174000, 174000, '2022-04-07 18:49:30', '2022-04-07 18:49:30'),
	(261, 172, 'Youth/ Senior/Disabled Person', 'Yes', 35000, 35000, '2022-04-07 18:49:47', '2022-04-07 18:49:47'),
	(262, 172, 'IAS', 'Yes', 50000, 50000, '2022-04-07 18:50:07', '2022-04-07 18:50:07'),
	(263, 179, '1.a. Watershed Characterization cum VA', 'Yes', 1200000, 1200000, '2022-04-07 19:41:01', '2022-04-07 19:41:01');

-- Dumping structure for table denr_monitoring.migrations
CREATE TABLE IF NOT EXISTS `migrations` (
  `id` int(10) unsigned NOT NULL AUTO_INCREMENT,
  `migration` varchar(255) COLLATE utf8mb4_unicode_ci NOT NULL,
  `batch` int(11) NOT NULL,
  PRIMARY KEY (`id`)
) ENGINE=InnoDB AUTO_INCREMENT=53 DEFAULT CHARSET=utf8mb4 COLLATE=utf8mb4_unicode_ci;

-- Dumping data for table denr_monitoring.migrations: ~41 rows (approximately)
REPLACE INTO `migrations` (`id`, `migration`, `batch`) VALUES
	(1, '2014_10_12_000000_create_users_table', 1),
	(2, '2014_10_12_100000_create_password_resets_table', 1),
	(3, '2019_08_19_000000_create_failed_jobs_table', 1),
	(4, '2020_01_18_035047_create_emfs_table', 1),
	(5, '2020_01_19_061203_create_activities_table', 1),
	(6, '2020_01_19_061257_create_divisions_table', 1),
	(7, '2020_01_19_061338_create_sub_activities_table', 1),
	(8, '2020_01_19_142313_add_status_into_emfs_table', 1),
	(9, '2020_01_20_144244_add_budget_fields_into_emfs_table', 1),
	(10, '2020_03_03_004124_create_emf_division_lists_table', 1),
	(11, '2020_03_03_035855_add_fields_name_into_emf_division_lists_table', 1),
	(12, '2020_03_09_015731_add_deleted_at_column_into_emfs_table', 2),
	(15, '2020_03_10_011521_add_remarks_column_into_emf_division_lists_table', 3),
	(16, '2020_03_10_021740_add_totalamount_column_into_emfs_table', 4),
	(17, '2020_03_12_054510_add_two_column_into_users_table', 5),
	(18, '2020_03_13_013745_add_username_into_users_table', 6),
	(19, '2020_03_23_130434_add_amount_column_into_sub_activities', 7),
	(20, '2020_05_02_135610_update_emf_id_into_nullable', 8),
	(22, '2020_12_10_073815_add_system_status_field_into_users_table', 9),
	(23, '2021_02_11_173111_create_grand_sub_activities_table', 10),
	(24, '2021_02_15_052133_add_with_grand_child_activity', 11),
	(25, '2021_02_16_033429_add_new_fields_into_emf_division_lists_table', 12),
	(26, '2021_02_23_125302_add_fields_from_activities_table', 13),
	(27, '2021_02_26_031648_add_need_to_select_field_into_grand_sub_activities_table', 14),
	(28, '2021_02_28_104139_make_nullable_fields_into_emf_division_lists_table', 15),
	(29, '2021_03_02_062835_add_were_field_into_mf_division_lists_table', 16),
	(36, '2021_03_14_073206_create_results_table', 17),
	(37, '2021_03_22_135153_add_department_field_into_emfs_table', 18),
	(38, '2021_03_22_142504_add_under_field_into_divisions_table', 19),
	(39, '2021_03_22_161521_add_dept_into_divisions_table', 20),
	(40, '2021_03_24_151759_add_head_dept_id_into_emf_division_lists', 21),
	(41, '2021_03_26_081133_add_budget_status_into_emfs_table', 22),
	(43, '2021_03_29_175918_add_disbursed_amount_into_emf_division_lists', 23),
	(44, '2021_03_31_035212_add_allotment_into_activities_table', 24),
	(46, '2021_04_01_131226_add_other_dept_field_into_activities_table', 25),
	(47, '2021_04_03_023955_add_other_dept_id_into_sub_activities_table', 26),
	(48, '2021_04_05_171036_add_allotment_into_sub_activities_table', 27),
	(49, '2021_04_05_173514_add_allotment_into_grand_sub_activities', 28),
	(50, '2021_04_12_044617_add_division_chief_into_divisions_table', 29),
	(51, '2021_04_12_090301_add_emf_type_into_emf_division_lists_table', 30),
	(52, '2021_04_14_054132_add_amount_obligated_into_emf_division_lists_table', 31);

-- Dumping structure for table denr_monitoring.password_resets
CREATE TABLE IF NOT EXISTS `password_resets` (
  `email` varchar(255) COLLATE utf8mb4_unicode_ci NOT NULL,
  `token` varchar(255) COLLATE utf8mb4_unicode_ci NOT NULL,
  `created_at` timestamp NULL DEFAULT NULL,
  KEY `password_resets_email_index` (`email`)
) ENGINE=InnoDB DEFAULT CHARSET=utf8mb4 COLLATE=utf8mb4_unicode_ci;

-- Dumping data for table denr_monitoring.password_resets: ~0 rows (approximately)

-- Dumping structure for table denr_monitoring.results
CREATE TABLE IF NOT EXISTS `results` (
  `id` bigint(20) unsigned NOT NULL AUTO_INCREMENT,
  `uuid` varchar(255) COLLATE utf8mb4_unicode_ci NOT NULL,
  `list_id` int(11) NOT NULL,
  `emf_id` int(11) NOT NULL,
  `unique_id` varchar(255) COLLATE utf8mb4_unicode_ci NOT NULL,
  `division` varchar(255) COLLATE utf8mb4_unicode_ci NOT NULL,
  `activity` varchar(255) COLLATE utf8mb4_unicode_ci DEFAULT NULL,
  `amount` int(11) NOT NULL,
  `date` varchar(255) COLLATE utf8mb4_unicode_ci NOT NULL,
  `date_obligated` varchar(255) COLLATE utf8mb4_unicode_ci NOT NULL,
  `date_disbursed` varchar(255) COLLATE utf8mb4_unicode_ci NOT NULL,
  `created_at` timestamp NULL DEFAULT NULL,
  `updated_at` timestamp NULL DEFAULT NULL,
  PRIMARY KEY (`id`)
) ENGINE=InnoDB AUTO_INCREMENT=12 DEFAULT CHARSET=utf8mb4 COLLATE=utf8mb4_unicode_ci;

-- Dumping data for table denr_monitoring.results: ~0 rows (approximately)

-- Dumping structure for table denr_monitoring.saa
CREATE TABLE IF NOT EXISTS `saa` (
  `id` int(11) NOT NULL AUTO_INCREMENT,
  `saa_id` varchar(50) DEFAULT NULL,
  `department` varchar(50) DEFAULT NULL,
  `activity_id` int(11) DEFAULT NULL,
  `sub_activity_id` int(11) DEFAULT NULL,
  `grand_activity_id` int(11) DEFAULT 0,
  `saa_amount` decimal(20,2) DEFAULT NULL,
  `total_amount` decimal(20,2) DEFAULT NULL,
  `saa_date` date DEFAULT NULL,
  `created_at` timestamp NULL DEFAULT NULL,
  `updated_at` timestamp NULL DEFAULT NULL,
  `deleted_at` timestamp NULL DEFAULT NULL,
  PRIMARY KEY (`id`)
) ENGINE=InnoDB DEFAULT CHARSET=latin1;

-- Dumping data for table denr_monitoring.saa: ~0 rows (approximately)

-- Dumping structure for table denr_monitoring.sub_activities
CREATE TABLE IF NOT EXISTS `sub_activities` (
  `id` bigint(20) unsigned NOT NULL AUTO_INCREMENT,
  `activity_id` int(10) unsigned NOT NULL,
  `other_dept_id` varchar(255) COLLATE utf8mb4_unicode_ci DEFAULT NULL,
  `sub_activities` varchar(500) COLLATE utf8mb4_unicode_ci NOT NULL,
  `amount` bigint(20) NOT NULL DEFAULT 0,
  `allotment` bigint(20) NOT NULL DEFAULT 0,
  `created_at` timestamp NULL DEFAULT NULL,
  `updated_at` timestamp NULL DEFAULT NULL,
  `with_grand_child` varchar(255) COLLATE utf8mb4_unicode_ci NOT NULL DEFAULT 'No',
  PRIMARY KEY (`id`)
) ENGINE=InnoDB AUTO_INCREMENT=180 DEFAULT CHARSET=utf8mb4 COLLATE=utf8mb4_unicode_ci;

-- Dumping data for table denr_monitoring.sub_activities: ~179 rows (approximately)
REPLACE INTO `sub_activities` (`id`, `activity_id`, `other_dept_id`, `sub_activities`, `amount`, `allotment`, `created_at`, `updated_at`, `with_grand_child`) VALUES
	(1, 1, '6', 'I. Training Management and Development', 1757000, 1757000, '2022-04-03 23:59:12', '2022-04-03 23:59:57', 'Yes'),
	(2, 1, '6', 'II. Health and Wellness Program', 500000, 500000, '2022-04-04 00:27:21', '2022-04-04 00:30:02', 'Yes'),
	(3, 1, '6', 'III. Career Management and Development', 160000, 160000, '2022-04-04 00:32:52', '2022-04-04 00:38:00', 'Yes'),
	(4, 1, '6', 'IV. Human Resource (HR) Research and Development', 132000, 132000, '2022-04-04 00:42:19', '2022-04-04 00:42:56', 'Yes'),
	(5, 1, '6', 'V. Human Resource (HR) Institution Development', 40000, 40000, '2022-04-04 15:24:07', '2022-04-04 15:24:47', 'Yes'),
	(6, 1, '6', 'VI. Human Resource (HR) Institution Development', 688000, 688000, '2022-04-04 15:43:04', '2022-04-04 15:43:34', 'Yes'),
	(7, 1, '6', 'VII. Fixed Expenditures, Mandatories and Impositions', 701000, 701000, '2022-04-04 15:50:23', '2022-04-04 15:51:25', 'Yes'),
	(8, 2, '15', '1. Maintenance of Network Infrastructure', 40000, 40000, '2022-04-04 17:35:14', '2022-04-04 17:35:14', 'No'),
	(9, 2, '15', '2. Maintenance of Internet Connectivity', 360000, 360000, '2022-04-04 18:11:03', '2022-04-04 18:11:03', 'No'),
	(10, 2, '15', '3. Maintenance and updating of the DENR Control Map', 5000, 5000, '2022-04-04 18:13:43', '2022-04-04 18:13:43', 'No'),
	(11, 2, '15', '4. Consolidation of all GIS Maps for Regional Mid-Term Plan Preparation', 5000, 5000, '2022-04-04 18:15:28', '2022-04-04 18:15:28', 'No'),
	(12, 2, '15', '5. Updating of ENR Statistical Data', 91000, 91000, '2022-04-04 18:17:02', '2022-04-04 18:17:30', 'Yes'),
	(13, 2, '15', '6. Maintenance and Updating of Website and Information Systems', 39000, 39000, '2022-04-04 18:19:47', '2022-04-04 18:20:18', 'Yes'),
	(14, 3, '2', '1. Public Information', 160000, 160000, '2022-04-04 18:30:26', '2022-04-04 18:32:40', 'Yes'),
	(15, 3, '2', '2. Information Education and Communication (IEC) Campaign Activities', 1296000, 1296000, '2022-04-04 18:49:05', '2022-04-04 18:49:48', 'Yes'),
	(16, 3, '2', '3. Stakeholder Management', 60000, 60000, '2022-04-04 19:05:55', '2022-04-04 19:06:45', 'Yes'),
	(17, 3, '2', '4. Updating of Communication Plan', 15000, 15000, '2022-04-04 19:07:34', '2022-04-04 19:07:34', 'No'),
	(18, 3, '2', '5. Other Activities', 200000, 200000, '2022-04-04 19:08:41', '2022-04-04 19:09:09', 'Yes'),
	(19, 4, '8', '1. Updating of Cases Inventoried (Administrative and ENR-related)', 20000, 20000, '2022-04-04 21:15:56', '2022-04-04 21:15:56', 'No'),
	(20, 4, '8', '2. Resolution of Complaints/cases', 215000, 215000, '2022-04-04 21:17:43', '2022-04-04 21:18:43', 'Yes'),
	(21, 4, '8', '3. Review of MOA/MOUs/contracts', 20000, 20000, '2022-04-04 21:31:58', '2022-04-04 21:31:58', 'No'),
	(22, 4, '8', '4. Provision of Legal Advises/Opinions/Comments', 50000, 50000, '2022-04-04 21:33:57', '2022-04-04 21:33:57', 'No'),
	(23, 4, '8', '5. Handling of legal cases, to include provision of legitimate allowance of handling lawyers from the Office of the Solicitor General (OSG) including travelling and transportation allowance only if covered by valid  and existing Memorandum of Agreement (MOA)', 20000, 20000, '2022-04-04 21:35:40', '2022-04-04 21:35:40', 'No'),
	(24, 4, '8', '6. Representation in Courts and quasi-judicial bodies; Provision of emergency funds to cover filing of pleadings in courts or quasi-judicial bodies, notarization and transportation expenses of legal personnel to court hearings and meetings', 300000, 300000, '2022-04-04 21:44:32', '2022-04-04 21:44:32', 'No'),
	(25, 4, '8', '7. Fast Track Disposition of Ageing Cases', 334000, 334000, '2022-04-04 21:45:19', '2022-04-04 21:45:45', 'Yes'),
	(26, 4, '8', '8. Purchase of latest editions of legal books/references on environment and natural resources (ENR)-related matters, subscription to references such as CD Asia Product, Supreme Court e-Library, lex libris, e-Supreme Court Ruling Annotation (SCRA) and other online law journals', 8000, 8000, '2022-04-04 21:53:17', '2022-04-04 21:53:17', 'No'),
	(27, 4, '8', '9. Legal Division Assessment and Capacity Building', 56000, 56000, '2022-04-04 21:54:07', '2022-04-04 21:54:07', 'No'),
	(28, 4, '8', '11. Conduct of Lectures/Learning Event', 60000, 60000, '2022-04-04 21:54:38', '2022-04-04 21:54:38', 'No'),
	(29, 4, '8', 'Fixed Expenditures', 235000, 235000, '2022-04-04 21:56:28', '2022-04-04 21:56:28', 'No'),
	(30, 4, '8', 'Support to GAD Activities', 70000, 70000, '2022-04-04 21:56:46', '2022-04-04 21:56:46', 'No'),
	(31, 5, '3', 'A.1. Mines and Geo-sciences Operation/Program', 299500, 300000, '2022-04-04 22:24:37', '2022-04-05 01:44:30', 'Yes'),
	(32, 5, '3', 'A.2.Environmental Management Operation/Program', 300000, 300000, '2022-04-04 22:38:42', '2022-04-04 22:40:05', 'Yes'),
	(33, 5, '3', 'Activity 1. Selection/Identification of Site for Plantation Establishment', 65000, 65000, '2022-04-04 22:50:07', '2022-04-04 22:50:46', 'Yes'),
	(34, 5, '3', 'Activity 2 Planting stock production', 42000, 42000, '2022-04-04 23:13:35', '2022-04-05 01:42:28', 'Yes'),
	(35, 5, '3', 'Activity 3. Site Preparation', 20000, 20000, '2022-04-05 15:47:41', '2022-04-05 15:48:05', 'Yes'),
	(36, 5, '3', 'Activity 4. Field Planting', 23000, 23000, '2022-04-05 15:48:42', '2022-04-05 15:52:10', 'Yes'),
	(37, 5, '3', 'Activity 5. Site Monitoring and Maintenance', 120000, 120000, '2022-04-05 15:52:38', '2022-04-05 15:53:10', 'Yes'),
	(38, 5, '3', 'Activity 6. Periodic collection of biological, edaphic and climatic data', 30000, 30000, '2022-04-05 15:54:02', '2022-04-05 15:54:24', 'Yes'),
	(39, 5, '3', 'A.4.Provincial Environment and Natural Resources Operation/Program', 1000000, 1000000, '2022-04-05 16:01:53', '2022-04-05 16:02:56', 'Yes'),
	(40, 5, '3', 'A.5.Community Environment and Natural Resources Operation/Program', 1270000, 1270000, '2022-04-05 16:37:58', '2022-04-05 17:32:52', 'Yes'),
	(41, 5, '3', '1. Security Operations', 220000, 220000, '2022-04-05 18:28:10', '2022-04-05 18:28:56', 'Yes'),
	(42, 5, '3', '2. Sustainment Operations', 80000, 80000, '2022-04-05 18:30:39', '2022-04-05 18:31:16', 'Yes'),
	(43, 5, '3', '1. Unit Administration & Management', 70000, 70000, '2022-04-05 18:36:06', '2022-04-05 18:36:56', 'Yes'),
	(44, 5, '3', '2. Law Enforcement and Peace and Order', 108000, 108000, '2022-04-05 18:41:03', '2022-04-05 18:41:42', 'Yes'),
	(45, 5, '3', '3. Police Community Relation', 68000, 68000, '2022-04-05 18:43:59', '2022-04-05 18:44:43', 'Yes'),
	(46, 5, '3', '4. Logistics', 54000, 54000, '2022-04-05 18:46:07', '2022-04-05 18:46:43', 'Yes'),
	(47, 5, '3', 'I - Strengthening of PMCC (RSC)', 520000, 520000, '2022-04-05 18:53:53', '2022-04-05 18:54:33', 'Yes'),
	(48, 5, '3', 'II - Support to Dredging/desilting of Naboc River', 860000, 860000, '2022-04-05 18:56:34', '2022-04-05 18:57:12', 'Yes'),
	(49, 5, '3', 'III - Logistic Support to PMCC Program', 247000, 247000, '2022-04-05 18:59:34', '2022-04-05 19:00:11', 'Yes'),
	(50, 5, '3', 'IV - Hiring of PMCC Project Support Staff', 555000, 555000, '2022-04-05 19:01:27', '2022-04-05 19:02:08', 'Yes'),
	(51, 5, '3', 'Support to PMD M&E', 40000, 40000, '2022-04-05 19:06:36', '2022-04-05 19:06:36', 'No'),
	(52, 5, '3', 'Fixed Expenditures', 868000, 868000, '2022-04-05 19:07:01', '2022-04-05 19:07:01', 'No'),
	(53, 5, '3', '5% Contingency Fund', 492000, 492000, '2022-04-05 19:07:27', '2022-04-05 19:07:27', 'No'),
	(54, 5, '3', 'Support to GAD', 50000, 50000, '2022-04-05 19:07:58', '2022-04-05 19:07:58', 'No'),
	(55, 5, '3', 'Support to Youth/SC/PWD', 98000, 98000, '2022-04-05 19:08:18', '2022-04-05 19:08:18', 'No'),
	(56, 6, '9', '1. Attendance to meetings/consultations with MinDA, ADB and LGUs', 100000, 100000, '2022-04-05 19:34:48', '2022-04-05 19:34:48', 'No'),
	(57, 6, '9', '2. Support to MinDA Special Studies', 120000, 120000, '2022-04-05 19:35:47', '2022-04-05 19:38:36', 'Yes'),
	(58, 6, '9', '3. Support to GCI project of BIMP-EAGA', 55000, 55000, '2022-04-05 19:40:11', '2022-04-05 19:40:11', 'No'),
	(59, 6, '9', '4. Support to other MinDA Activities related to Environment Cluster', 55000, 55000, '2022-04-05 19:40:35', '2022-04-05 19:40:35', 'No'),
	(60, 6, '9', '5. Hiring of Project Support Staff', 170000, 170000, '2022-04-05 19:40:58', '2022-04-05 19:40:58', 'No'),
	(61, 7, '9', '1. Attendance to Philippine-EAGA Environment Cluster Meetings', 400000, 400000, '2022-04-05 19:51:07', '2022-04-05 19:51:07', 'No'),
	(62, 7, '9', '2. Attendance to BIMP-EAGA International Meetings', 600000, 600000, '2022-04-05 19:53:01', '2022-04-05 19:55:52', 'Yes'),
	(63, 7, '9', '3. Support to the Conduct of carbon sequestration study on Selected NGP Sites', 300000, 300000, '2022-04-05 20:56:26', '2022-04-05 20:56:26', 'No'),
	(64, 7, '9', '4. Support to the BIMP-EAGA Green Cities Initiative (GCI): Green City Action Plan (GCAP) for General Santos City', 200000, 200000, '2022-04-05 20:57:13', '2022-04-05 20:57:13', 'No'),
	(65, 7, '9', '5. Attendance to webinars/trainings conducted by ADB/BIMP-EAGA', 64000, 64000, '2022-04-05 20:58:50', '2022-04-05 20:58:50', 'No'),
	(66, 7, '9', '6. Conduct of/attendace to writeshop on the compilation of best practices', 100000, 100000, '2022-04-05 20:59:21', '2022-04-05 20:59:21', 'No'),
	(67, 7, '9', '7. Meeting with EMB and SMEs on the promotion of clean and green production practices/technologies', 100000, 100000, '2022-04-05 20:59:53', '2022-04-05 20:59:53', 'No'),
	(68, 7, '9', '8. Support to GHG Inventory', 100000, 100000, '2022-04-05 21:01:12', '2022-04-05 21:01:12', 'No'),
	(69, 7, '9', '9. Hiring of Support Staff (J.O.)', 340000, 340000, '2022-04-05 21:01:36', '2022-04-05 21:01:36', 'No'),
	(70, 7, '9', 'Fixed Expenditures', 150000, 150000, '2022-04-05 21:03:46', '2022-04-05 21:03:46', 'No'),
	(71, 8, '9', 'Engagement of local service provider for the conduct of impact assessment of ICMRP-4th component (The Municipal Drainage System of Cateel and Municipal level II Water System of Boston)', 500000, 500000, '2022-04-05 21:11:15', '2022-04-05 21:11:15', 'No'),
	(72, 9, '9', 'a. Formulation and monitoring of ENR Sector policies, plans, programs and projects', 371000, 371000, '2022-04-05 21:40:07', '2022-04-05 21:41:00', 'Yes'),
	(73, 9, '9', 'b. Project Monitoring and Evaluation', 700000, 700000, '2022-04-05 21:51:46', '2022-04-05 21:52:07', 'Yes'),
	(74, 9, '9', 'c. Intervening Activities', 125000, 125000, '2022-04-05 21:52:58', '2022-04-05 22:00:19', 'Yes'),
	(75, 9, '9', 'd. Planning Capacity Building', 50000, 50000, '2022-04-05 22:03:20', '2022-04-05 22:03:20', 'No'),
	(76, 9, '9', 'e. Hiring of Support Staff (Job Orders)', 667000, 667000, '2022-04-05 22:04:56', '2022-04-05 22:05:24', 'Yes'),
	(77, 9, '9', 'Fixed Expenditures', 54000, 54000, '2022-04-05 22:07:43', '2022-04-05 22:07:43', 'No'),
	(78, 9, '10', '6. Resurvey and Mapping of existing Tenurial Instrument', 1125000, 1125000, '2022-04-05 22:50:47', '2022-04-05 22:50:47', 'No'),
	(79, 9, '10', '7. Continuous Price Monitoring', 25000, 25000, '2022-04-05 22:52:54', '2022-04-05 22:52:54', 'No'),
	(80, 9, '10', '8. National Convergence Initiative', 100000, 100000, '2022-04-05 22:53:32', '2022-04-05 22:53:32', 'No'),
	(81, 9, '12', '9. Forestry Statistical Reporting System (SRS), Wood Importation and Disposition (WID), and Forestry Related Income Collection (FRIC)', 200000, 200000, '2022-04-05 22:56:39', '2022-04-05 22:56:39', 'No'),
	(82, 9, '10', 'Operation/Maintenance of Enhanced Forestry Information System', 100000, 100000, '2022-04-05 23:02:49', '2022-04-05 23:02:49', 'No'),
	(83, 9, '10', 'Project Monitoring Supervision', 219000, 219000, '2022-04-05 23:03:51', '2022-04-05 23:03:51', 'No'),
	(84, 9, '10', 'Fixed Expenditures', 244000, 244000, '2022-04-05 23:13:28', '2022-04-05 23:13:28', 'No'),
	(85, 9, '10', '5% Contingency fund', 196000, 196000, '2022-04-05 23:14:12', '2022-04-05 23:14:12', 'No'),
	(86, 9, '10', 'GAD', 100000, 100000, '2022-04-05 23:14:46', '2022-04-05 23:14:46', 'No'),
	(87, 9, '10', '1% Youth/PWD/Senior Citizen', 39000, 39000, '2022-04-05 23:15:28', '2022-04-05 23:15:28', 'No'),
	(88, 9, '12', 'LANDS', 200000, 200000, '2022-04-05 23:17:13', '2022-04-05 23:19:25', 'Yes'),
	(89, 10, '11', 'Compliance monitoring of tenure or permit holders', 94000, 94000, '2022-04-06 00:18:20', '2022-04-06 00:18:20', 'No'),
	(90, 10, '12', 'Issuance of cutting/harvesting permits and WPP', 66000, 66000, '2022-04-06 00:19:37', '2022-04-06 00:20:27', 'No'),
	(91, 10, '12', 'Project Monitoring and Supervision (LPDD)', 100000, 100000, '2022-04-06 00:20:58', '2022-04-06 00:20:58', 'No'),
	(92, 10, '11', 'IMPLEMENTATION OF FOREST PROTECTION PLAN', 9092000, 9092000, '2022-04-06 00:23:15', '2022-04-06 00:26:54', 'Yes'),
	(93, 10, '13', 'Delineation of Production Forest', 4550000, 4550000, '2022-04-06 00:41:35', '2022-04-06 00:41:35', 'No'),
	(94, 10, '11,13', 'Project Management and Supervision', 1064000, 1064000, '2022-04-06 00:47:17', '2022-04-06 00:47:48', 'Yes'),
	(95, 10, '13', 'Fixed Expenditures', 672000, 672000, '2022-04-06 00:53:06', '2022-04-06 00:53:06', 'No'),
	(96, 10, '13', 'Mandatories/Impositions', 936000, 936000, '2022-04-06 00:53:48', '2022-04-06 00:54:33', 'Yes'),
	(97, 10, '12', 'Land & Land Resources', 289000, 289000, '2022-04-06 00:59:51', '2022-04-06 01:00:36', 'Yes'),
	(98, 10, '12', 'Processing/Issuance and  Monitoring of CITES permits and other  wildlife permits/certificates', 150000, 150000, '2022-04-06 16:59:10', '2022-04-06 16:59:10', 'No'),
	(99, 10, '12', 'Validation on the compliance of the permit issued (no)', 30000, 30000, '2022-04-06 16:59:47', '2022-04-06 16:59:47', 'No'),
	(100, 10, '12', 'Provision of Technical assistance on Gratuitous Permit Issued', 30000, 30000, '2022-04-06 17:00:06', '2022-04-06 17:00:06', 'No'),
	(101, 10, '11', 'Monitoring of Wildlife permittees', 136000, 136000, '2022-04-06 17:01:32', '2022-04-06 17:07:22', 'Yes'),
	(102, 10, '11', 'Apprehension/surveillance in violation of RA 9147 conducted w/ reports', 100000, 100000, '2022-04-06 17:13:24', '2022-04-06 17:13:24', 'No'),
	(103, 10, '11', 'Project Monitoring and Supervision (ED)', 249000, 249000, '2022-04-06 17:16:30', '2022-04-06 17:16:30', 'No'),
	(104, 10, '12', 'Project Monitoring and Supervision (LPDD)', 270000, 270000, '2022-04-06 17:17:23', '2022-04-06 17:17:23', 'No'),
	(105, 11, '11', 'Operationalization and Maintenance of PICO/Portwatch', 200000, 200000, '2022-04-06 19:01:26', '2022-04-06 19:01:26', 'No'),
	(106, 11, '11', 'Regional Anti- Illegal Logging Task Force(based on EO 23)', 50000, 50000, '2022-04-06 19:01:47', '2022-04-06 19:01:47', 'No'),
	(107, 11, '11', 'Mobilization of Wildlife Traffic Monitoring Unit', 100000, 100000, '2022-04-06 19:02:17', '2022-04-06 19:02:17', 'No'),
	(108, 11, '11', 'Mobilization of Regional Enforcement Officers  (WEOs)', 100000, 100000, '2022-04-06 19:03:40', '2022-04-06 19:03:40', 'No'),
	(109, 11, '11', 'Operationalization of Regional Action Center Hotline 8888', 100000, 100000, '2022-04-06 19:04:50', '2022-04-06 19:04:50', 'No'),
	(110, 11, '11', 'Project Management and Supervision', 287000, 287000, '2022-04-06 19:05:16', '2022-04-06 19:05:16', 'No'),
	(111, 11, '11', 'Fixed Expenditures', 129000, 129000, '2022-04-06 19:06:40', '2022-04-06 19:06:40', 'No'),
	(112, 11, '11', 'Mandatories', 54000, 54000, '2022-04-06 19:07:10', '2022-04-06 19:07:40', 'Yes'),
	(113, 12, '21,10', 'IVAS', 1305000, 1305000, '2022-04-06 21:24:26', '2022-04-06 21:24:26', 'No'),
	(114, 12, '21,10', 'Regional Ecotourism Committee Meeting', 100000, 100000, '2022-04-06 21:25:40', '2022-04-06 21:25:40', 'No'),
	(115, 12, '21,10', 'Attendance to Midanao PAMB Network Conference', 20000, 20000, '2022-04-06 21:26:05', '2022-04-06 21:26:05', 'No'),
	(116, 13, '21,10', 'Procurement of Office Equipments/Technical Equipments for Demarcation, BAMS, Habitat Protection', 2280000, 2280000, '2022-04-06 21:26:53', '2022-04-06 21:28:21', 'Yes'),
	(117, 12, '21,10', 'Trainor\'s Training on Cave Rescue, Survey and Mapping', 300000, 300000, '2022-04-06 21:38:36', '2022-04-06 21:38:36', 'No'),
	(118, 12, '21,10', 'Orientation on Cave Management and Conservation for the Provincial Personnel', 300000, 300000, '2022-04-06 21:38:57', '2022-04-06 21:38:57', 'No'),
	(119, 12, '21,10', 'Regional Cave Committee Operations', 100000, 100000, '2022-04-06 21:39:26', '2022-04-06 21:39:26', 'No'),
	(120, 12, '21,10', 'Profiling of priority inland wetlands', 200000, 200000, '2022-04-06 21:40:09', '2022-04-06 21:40:09', 'No'),
	(121, 12, '21,10', 'On-site wetland management planning for lakes, swamps and marshes (to include disaster risk  reduction measures)', 150000, 150000, '2022-04-06 21:40:58', '2022-04-06 21:40:58', 'No'),
	(122, 12, '21,10', 'Implementation of wetland site management plan', 500000, 500000, '2022-04-06 21:49:51', '2022-04-06 21:49:51', 'No'),
	(123, 12, '21,10', 'URBAN BIODIVERSITY CONSERVATION PROGRAM (UBCP)', 250000, 250000, '2022-04-06 21:50:32', '2022-04-06 21:51:50', 'Yes'),
	(124, 12, '10,21', 'COMMUNICATION , EDUCATION, PARTICIPATION AND PUBLIC AWARENESS (CEPA) PROGRAM', 400000, 400000, '2022-04-06 21:53:09', '2022-04-06 21:53:46', 'Yes'),
	(125, 12, '10,21', 'Support to PMD (monitoring Activities)', 100000, 100000, '2022-04-06 22:01:21', '2022-04-06 22:01:21', 'No'),
	(126, 12, '10,21', 'Project Management and Supervision', 1424000, 1424000, '2022-04-06 22:02:09', '2022-04-06 22:02:09', 'No'),
	(127, 12, '10,21', 'Monitoring and Evaluation', 485000, 485000, '2022-04-06 22:02:32', '2022-04-06 22:02:32', 'No'),
	(128, 12, '10,21', 'Fixed Expenditures', 829000, 829000, '2022-04-06 22:02:57', '2022-04-06 22:02:57', 'No'),
	(129, 12, '10,21', 'Support to GAD', 407000, 407000, '2022-04-06 22:03:18', '2022-04-06 22:03:18', 'No'),
	(130, 12, '10,21', '5% Contingency', 300000, 300000, '2022-04-06 22:03:56', '2022-04-06 22:03:56', 'No'),
	(131, 12, '10,21', 'Youth/Senior/Diff. Disabled', 60000, 60000, '2022-04-06 22:04:19', '2022-04-06 22:04:19', 'No'),
	(132, 12, '10,21', 'IAS', 50000, 50000, '2022-04-06 22:04:33', '2022-04-06 22:04:33', 'No'),
	(133, 12, '10,21', 'Population verification surveys/monitoring of priority threatened and endemic species conducted', 1572000, 1572000, '2022-04-06 22:34:30', '2022-04-06 22:34:47', 'No'),
	(134, 12, '10,21', 'Annual waterbird census/monitoring', 200000, 200000, '2022-04-06 22:35:14', '2022-04-06 22:35:14', 'No'),
	(135, 12, '10,21', 'Establishment/Management of Critical Habitat', 300000, 300000, '2022-04-06 22:36:22', '2022-04-06 22:36:22', 'No'),
	(136, 12, '10,21', 'Assistance for the provision of medicines for the turned-over and rescued wildlife (Davao Crocodile Park and Aboitiz Cleanergy  as temporary shelter)', 60000, 60000, '2022-04-06 22:37:37', '2022-04-06 22:37:37', 'No'),
	(137, 12, '10,21', '7% Project Management and Supervision', 251000, 251000, '2022-04-06 22:38:17', '2022-04-06 22:38:17', 'No'),
	(138, 12, '10,21', '5% Contingency Fund', 127000, 127000, '2022-04-06 22:39:06', '2022-04-06 22:39:06', 'No'),
	(139, 12, '10,21', '1% Youth/Senior/Differently-abled', 25000, 25000, '2022-04-06 22:40:19', '2022-04-06 22:40:19', 'No'),
	(140, 12, '10,21', 'IAS', 50000, 50000, '2022-04-06 22:40:41', '2022-04-06 22:40:41', 'No'),
	(141, 12, '20,10', 'A. Marine Protected Area Management', 1145000, 1145000, '2022-04-06 23:17:39', '2022-04-06 23:18:17', 'Yes'),
	(142, 12, '10,20', 'B. Biodiversity-Friendly Social Enterprises (BDFE) Development', 1220000, 1220000, '2022-04-06 23:28:19', '2022-04-06 23:30:23', 'Yes'),
	(143, 12, '10,20', 'C. Capacity Building', 100000, 100000, '2022-04-06 23:32:23', '2022-04-06 23:32:23', 'No'),
	(144, 12, '10,20', 'D. Technical Assistance to LGUs on ICM', 300000, 300000, '2022-04-06 23:33:22', '2022-04-06 23:43:26', 'Yes'),
	(145, 12, '10,20', 'E. Knowledge Management', 200000, 200000, '2022-04-06 23:50:45', '2022-04-06 23:51:30', 'Yes'),
	(146, 12, '10,20', 'F. Social Marketing and Mobilization/Communication, Education and Public Awareness(CEPA)', 90000, 90000, '2022-04-06 23:56:54', '2022-04-06 23:57:22', 'Yes'),
	(147, 12, '10,20', 'G. Monitoring and Evaluation', 392000, 392000, '2022-04-06 23:59:15', '2022-04-07 00:01:40', 'Yes'),
	(148, 12, '10,20', 'H. Program Support and Management', 1359000, 1359000, '2022-04-07 00:04:20', '2022-04-07 00:05:39', 'Yes'),
	(149, 12, '10,20', 'I. Project Monitoring and Supervision (PMS)', 173000, 173000, '2022-04-07 00:09:37', '2022-04-07 00:09:37', 'No'),
	(150, 12, '10,20', 'J. FIXED EXPENDITURES', 543000, 543000, '2022-04-07 00:10:21', '2022-04-07 00:10:21', 'No'),
	(151, 12, '10,20', 'K. MANDATORIES', 503000, 503000, '2022-04-07 00:10:45', '2022-04-07 00:11:38', 'Yes'),
	(152, 14, '12', '1. Land Distribution/Disposition', 70000, 70000, '2022-04-07 00:41:42', '2022-04-07 00:42:09', 'Yes'),
	(153, 14, '12', '2. Acceleration of land titling through Rapid Land Tenure Appraisal (RLTA)', 737000, 737000, '2022-04-07 00:44:38', '2022-04-07 00:45:13', 'Yes'),
	(154, 14, '12', '3. Management of Foreshore Areas through the issuance of permits/ lease contracts', 5000, 5000, '2022-04-07 00:47:53', '2022-04-07 00:47:53', 'No'),
	(155, 14, '12', '4. Management of patrimonial properties, friar lands, and other government assets and properties through issuance of deeds/lease contracts', 30000, 30000, '2022-04-07 00:48:37', '2022-04-07 00:48:37', 'No'),
	(156, 14, '12', '5. Resolution of Land Claims and Conflicts Cases', 18000, 18000, '2022-04-07 00:51:35', '2022-04-07 00:51:35', 'No'),
	(157, 14, '13', '7. LAND SURVEY', 1171000, 1171000, '2022-04-07 00:52:21', '2022-04-07 00:52:54', 'Yes'),
	(158, 14, '13', '8. LAND RECORDS MANAGEMENT', 1940000, 1940000, '2022-04-07 16:13:39', '2022-04-07 16:14:08', 'Yes'),
	(159, 14, '12,13', 'Project Monitoring & Evaluation', 445000, 445000, '2022-04-07 16:16:19', '2022-04-07 16:17:02', 'Yes'),
	(160, 14, '12,13', 'Project Management & Supervision', 522000, 522000, '2022-04-07 16:18:49', '2022-04-07 16:32:46', 'Yes'),
	(161, 14, '12,13', 'GAD', 150000, 150000, '2022-04-07 16:49:39', '2022-04-07 16:49:39', 'No'),
	(162, 14, '12,13', 'Fixed Expenditures', 1957000, 1957000, '2022-04-07 16:50:03', '2022-04-07 16:50:03', 'No'),
	(163, 14, '12,13', 'Youth/Senior Citizen/Disabled', 54000, 54000, '2022-04-07 16:50:44', '2022-04-07 16:50:44', 'No'),
	(164, 14, '12,13', 'Contigency Fund', 271000, 271000, '2022-04-07 16:51:04', '2022-04-07 16:51:04', 'No'),
	(165, 15, '10', 'Technical Staff (Project Evaluation Officer)', 2449000, 2449000, '2022-04-07 17:42:13', '2022-04-07 17:42:13', 'No'),
	(166, 15, '10', 'Project Monitoring and Supervison', 1663000, 1663000, '2022-04-07 17:42:55', '2022-04-07 17:42:55', 'No'),
	(167, 16, '10', 'Procurement of Laptops', 200000, 200000, '2022-04-07 17:44:22', '2022-04-07 17:44:22', 'No'),
	(168, 18, '10', '1.a Small Water Impounding System (SWIS)', 14650000, 14650000, '2022-04-07 17:57:57', '2022-04-07 17:58:39', 'Yes'),
	(169, 17, '10', '3. Operation of Multi-sectoral RBO', 1500000, 1500000, '2022-04-07 18:04:01', '2022-04-07 18:04:39', 'Yes'),
	(170, 17, '10', '4. Operationalization of Watershed Instrument', 500000, 500000, '2022-04-07 18:42:43', '2022-04-07 18:43:24', 'Yes'),
	(171, 17, '10', 'Project Monitoring Supervision', 1206000, 1206000, '2022-04-07 18:48:05', '2022-04-07 18:48:05', 'No'),
	(172, 17, '10', 'Mandatories', 259000, 259000, '2022-04-07 18:49:00', '2022-04-07 18:49:30', 'Yes'),
	(173, 17, '12', 'Conduct of Inventory of water users', 90000, 90000, '2022-04-07 19:37:11', '2022-04-07 19:37:11', 'No'),
	(174, 17, '12', 'Conduct of Inventory of water sources', 90000, 90000, '2022-04-07 19:37:30', '2022-04-07 19:37:30', 'No'),
	(175, 17, '12', 'Acceptance and verify water permit applications', 88000, 88000, '2022-04-07 19:37:59', '2022-04-07 19:37:59', 'No'),
	(176, 17, '12', 'Conduct of IEC to various stakeholders', 45000, 45000, '2022-04-07 19:38:17', '2022-04-07 19:38:17', 'No'),
	(177, 17, '12', 'Project Monitorng Supervision', 107000, 107000, '2022-04-07 19:38:37', '2022-04-07 19:38:37', 'No'),
	(178, 17, '12', 'Project Monitoring Evaluation', 80000, 80000, '2022-04-07 19:38:59', '2022-04-07 19:38:59', 'No'),
	(179, 19, '10', '1. Watershed Management Planning', 1200000, 1200000, '2022-04-07 19:40:24', '2022-04-07 19:41:15', 'Yes');

-- Dumping structure for table denr_monitoring.users
CREATE TABLE IF NOT EXISTS `users` (
  `id` bigint(20) unsigned NOT NULL AUTO_INCREMENT,
  `name` varchar(255) COLLATE utf8mb4_unicode_ci NOT NULL,
  `username` varchar(255) COLLATE utf8mb4_unicode_ci NOT NULL,
  `email` varchar(255) COLLATE utf8mb4_unicode_ci NOT NULL,
  `email_verified_at` timestamp NULL DEFAULT NULL,
  `password` varchar(255) COLLATE utf8mb4_unicode_ci NOT NULL,
  `status` varchar(255) COLLATE utf8mb4_unicode_ci NOT NULL,
  `department` varchar(255) COLLATE utf8mb4_unicode_ci NOT NULL,
  `system_status` varchar(255) COLLATE utf8mb4_unicode_ci NOT NULL DEFAULT 'active',
  `remember_token` varchar(100) COLLATE utf8mb4_unicode_ci DEFAULT NULL,
  `created_at` timestamp NULL DEFAULT NULL,
  `updated_at` timestamp NULL DEFAULT NULL,
  PRIMARY KEY (`id`),
  UNIQUE KEY `users_email_unique` (`email`)
) ENGINE=InnoDB AUTO_INCREMENT=27 DEFAULT CHARSET=utf8mb4 COLLATE=utf8mb4_unicode_ci;

-- Dumping data for table denr_monitoring.users: ~17 rows (approximately)
REPLACE INTO `users` (`id`, `name`, `username`, `email`, `email_verified_at`, `password`, `status`, `department`, `system_status`, `remember_token`, `created_at`, `updated_at`) VALUES
	(2, 'John Dou', 'jodou', 'Budget@gmail.com', NULL, '$2y$10$93q7C55ub5AUaVbSCm9XtuvwS4LbqMirhYDIWirqgi4EzEADMUwLG', 'Admin', 'Finance Division', 'active', NULL, '2020-03-05 00:33:56', '2021-04-04 18:21:30'),
	(10, 'Jeffrey', 'albert', 'albert@gmail.com', NULL, '$2y$10$93q7C55ub5AUaVbSCm9XtuvwS4LbqMirhYDIWirqgi4EzEADMUwLG', 'Admin', 'System admin', 'active', NULL, '2020-03-19 02:03:50', '2021-02-08 20:25:33'),
	(11, 'DeMar DeRozan', 'acct', 'acct@gmail.com', NULL, '$2y$10$93q7C55ub5AUaVbSCm9XtuvwS4LbqMirhYDIWirqgi4EzEADMUwLG', 'Accounting', 'Accounting Department', 'active', NULL, '2020-04-17 09:19:46', '2021-01-31 21:13:35'),
	(13, 'Ana ORED', 'ored', 'ored@gmail.com', NULL, '$2y$10$93q7C55ub5AUaVbSCm9XtuvwS4LbqMirhYDIWirqgi4EzEADMUwLG', 'EMF Controller', 'Office of the Regional Executive Director', 'active', NULL, '2021-04-01 04:40:31', '2021-04-01 04:49:47'),
	(14, 'Drew RPAO', 'rpao', 'rpao@gmail.com', NULL, '$2y$10$93q7C55ub5AUaVbSCm9XtuvwS4LbqMirhYDIWirqgi4EzEADMUwLG', 'EMF Controller', 'Office of the Regional Executive Director - RSCIG', 'active', NULL, '2021-04-01 04:42:39', '2021-04-01 04:42:39'),
	(15, 'Rudy PMCC', 'pmcc', 'pmcc@gmail.com', NULL, '$2y$10$93q7C55ub5AUaVbSCm9XtuvwS4LbqMirhYDIWirqgi4EzEADMUwLG', 'EMF Controller', 'Office of the Regional Executive Director - PMCC', 'active', NULL, '2021-04-01 04:50:57', '2021-04-01 04:50:57'),
	(16, 'Keldon ARED MS', 'aredms', 'aredms@gmail.com', NULL, '$2y$10$93q7C55ub5AUaVbSCm9XtuvwS4LbqMirhYDIWirqgi4EzEADMUwLG', 'EMF Controller', 'ARED for Management Services', 'active', NULL, '2021-04-01 04:51:57', '2021-04-01 04:51:57'),
	(17, 'Tre ARED TS', 'aredts', 'aredts@gmail.com', NULL, '$2y$10$93q7C55ub5AUaVbSCm9XtuvwS4LbqMirhYDIWirqgi4EzEADMUwLG', 'EMF Controller', 'ARED for Technical Services', 'active', NULL, '2021-04-01 04:53:03', '2021-04-01 04:53:03'),
	(18, 'Trey ADMIN', 'admin', 'admin@gmail.com', NULL, '$2y$10$93q7C55ub5AUaVbSCm9XtuvwS4LbqMirhYDIWirqgi4EzEADMUwLG', 'EMF Controller', 'Administrative Division', 'active', NULL, '2021-04-01 04:53:52', '2021-04-01 04:53:52'),
	(19, 'Patty FINANCE', 'finance', 'finance@gmail.com', NULL, '$2y$10$93q7C55ub5AUaVbSCm9XtuvwS4LbqMirhYDIWirqgi4EzEADMUwLG', 'EMF Controller', 'Finance Division', 'active', NULL, '2021-04-01 04:57:24', '2021-04-01 04:57:24'),
	(20, 'Dejounte LEGAL', 'legal', 'legal@gmail.com', NULL, '$2y$10$93q7C55ub5AUaVbSCm9XtuvwS4LbqMirhYDIWirqgi4EzEADMUwLG', 'EMF Controller', 'Legal Division', 'active', NULL, '2021-04-01 04:59:46', '2021-04-01 04:59:46'),
	(21, 'Luka PMD', 'pmd', 'pmd@gmail.com', NULL, '$2y$10$93q7C55ub5AUaVbSCm9XtuvwS4LbqMirhYDIWirqgi4EzEADMUwLG', 'EMF Controller', 'Planning and Management Division', 'active', NULL, '2021-04-01 05:02:22', '2021-04-01 05:02:22'),
	(22, 'Devin CDD', 'cdd', 'cdd@gmail.com', NULL, '$2y$10$93q7C55ub5AUaVbSCm9XtuvwS4LbqMirhYDIWirqgi4EzEADMUwLG', 'EMF Controller', 'Conservation and Development Division', 'active', NULL, '2021-04-01 05:03:22', '2021-04-01 05:03:22'),
	(23, 'Lonnie ED', 'ed', 'ed@gmail.com', NULL, '$2y$10$93q7C55ub5AUaVbSCm9XtuvwS4LbqMirhYDIWirqgi4EzEADMUwLG', 'EMF Controller', 'Enforcement Division', 'active', NULL, '2021-04-01 05:04:11', '2021-04-01 05:04:11'),
	(24, 'Derrick LPDD', 'lpdd', 'lpdd@gmail.com', NULL, '$2y$10$93q7C55ub5AUaVbSCm9XtuvwS4LbqMirhYDIWirqgi4EzEADMUwLG', 'EMF Controller', 'Licenses, Patents and Deeds Division', 'active', NULL, '2021-04-01 05:05:16', '2021-04-01 05:05:16'),
	(25, 'tim SMD', 'smd', 'smd@gmail.com', NULL, '$2y$10$93q7C55ub5AUaVbSCm9XtuvwS4LbqMirhYDIWirqgi4EzEADMUwLG', 'EMF Controller', 'Survey Mapping Division', 'active', NULL, '2021-04-01 05:07:46', '2021-04-01 05:07:46'),
	(26, 'budget USER', 'budget', 'budt@gmail.com', NULL, '$2y$10$93q7C55ub5AUaVbSCm9XtuvwS4LbqMirhYDIWirqgi4EzEADMUwLG', 'Budget', 'Budget Department', 'active', NULL, '2021-04-04 18:28:19', '2021-04-04 18:28:19');

/*!40103 SET TIME_ZONE=IFNULL(@OLD_TIME_ZONE, 'system') */;
/*!40101 SET SQL_MODE=IFNULL(@OLD_SQL_MODE, '') */;
/*!40014 SET FOREIGN_KEY_CHECKS=IFNULL(@OLD_FOREIGN_KEY_CHECKS, 1) */;
/*!40101 SET CHARACTER_SET_CLIENT=@OLD_CHARACTER_SET_CLIENT */;
/*!40111 SET SQL_NOTES=IFNULL(@OLD_SQL_NOTES, 1) */;
